Category,Motivation,Label,Len,Text
physics,"""in recognition of the extraordinary services he has rendered by the discovery of the remarkable rays subsequently named after him""",0,131,recognition extraordinary services rendered discovery remarkable rays subsequently named
medicine,"""for his work on serum therapy especially its application against diphtheria by which he has opened a new road in the domain of medical science and thereby placed in the hands of the physician a victorious weapon against illness and deaths""",1,240,work serum therapy especially application diphtheria opened new road domain medical science thereby placed hands physician victorious weapon illness deaths
peace,"""for his humanitarian efforts to help wounded soldiers and create international understanding""",2,94,humanitarian efforts help wounded soldiers create international understanding
peace,"""for his lifelong work for international peace conferences diplomacy and arbitration""",2,85,lifelong work international peace conferences diplomacy arbitration
literature,"""in special recognition of his poetic composition which gives evidence of lofty idealism artistic perfection and a rare combination of the qualities of both heart and intellect""",3,177,special recognition poetic composition gives evidence lofty idealism artistic perfection rare combination qualities heart intellect
chemistry,"""in recognition of the extraordinary services he has rendered by the discovery of the laws of chemical dynamics and osmotic pressure in solutions""",4,146,recognition extraordinary services rendered discovery laws chemical dynamics osmotic pressure solutions
chemistry,"""in recognition of the extraordinary services he has rendered by his work on sugar and purine syntheses""",4,104,recognition extraordinary services rendered work sugar purine syntheses
literature,"""the greatest living master of the art of historical writing with special reference to his monumental work <I>A history of Rome</I>""",3,132,greatest living master art historical writing special reference monumental work IA history RomeI
peace,"""for his eminently practical administration of the Inter-Parliamentary Union""",2,77,eminently practical administration InterParliamentary Union
peace,"""for his untiring and skilful directorship of the Bern Peace Bureau""",2,68,untiring skilful directorship Bern Peace Bureau
physics,"""in recognition of the extraordinary service they rendered by their researches into the influence of magnetism upon radiation phenomena""",0,136,recognition extraordinary service rendered researches influence magnetism upon radiation phenomena
medicine,"""for his work on malaria by which he has shown how it enters the organism and thereby has laid the foundation for successful research on this disease and methods of combating it""",1,178,work malaria shown enters organism thereby laid foundation successful research disease methods combating
physics,"""in recognition of the extraordinary service they rendered by their researches into the influence of magnetism upon radiation phenomena""",0,136,recognition extraordinary service rendered researches influence magnetism upon radiation phenomena
physics,"""in recognition of the extraordinary services they have rendered by their joint researches on the radiation phenomena discovered by Professor Henri Becquerel""",0,158,recognition extraordinary services rendered joint researches radiation phenomena discovered Professor Henri Becquerel
peace,"""for his longstanding and devoted effort in favour of the ideas of peace and arbitration""",2,89,longstanding devoted effort favour ideas peace arbitration
physics,"""in recognition of the extraordinary services he has rendered by his discovery of spontaneous radioactivity""",0,108,recognition extraordinary services rendered discovery spontaneous radioactivity
physics,"""in recognition of the extraordinary services they have rendered by their joint researches on the radiation phenomena discovered by Professor Henri Becquerel""",0,158,recognition extraordinary services rendered joint researches radiation phenomena discovered Professor Henri Becquerel
chemistry,"""in recognition of her services to the advancement of chemistry by the discovery of the elements radium and polonium by the isolation of radium and the study of the nature and compounds of this remarkable element""",4,213,recognition services advancement chemistry discovery elements radium polonium isolation radium study nature compounds remarkable element
medicine,"""in recognition of his contribution to the treatment of diseases especially lupus vulgaris with concentrated light radiation whereby he has opened a new avenue for medical science""",1,180,recognition contribution treatment diseases especially lupus vulgaris concentrated light radiation whereby opened new avenue medical science
literature,"""as a tribute to his noble magnificent and versatile poetry which has always been distinguished by both the freshness of its inspiration and the rare purity of its spirit""",3,171,tribute noble magnificent versatile poetry always distinguished freshness inspiration rare purity spirit
chemistry,"""in recognition of the extraordinary services he has rendered to the advancement of chemistry by his electrolytic theory of dissociation""",4,137,recognition extraordinary services rendered advancement chemistry electrolytic theory dissociation
literature,"""in recognition of the numerous and brilliant compositions which in an individual and original manner have revived the great traditions of the Spanish drama""",3,157,recognition numerous brilliant compositions individual original manner revived great traditions Spanish drama
physics,"""for his investigations of the densities of the most important gases and for his discovery of argon in connection with these studies""",0,133,investigations densities important gases discovery argon connection studies
peace,"""for its striving in public law to develop peaceful ties between nations and to make the laws of war more humane""",2,113,striving public law develop peaceful ties nations make laws war humane
chemistry,"""in recognition of his services in the discovery of the inert gaseous elements in air and his determination of their place in the periodic system""",4,146,recognition services discovery inert gaseous elements air determination place periodic system
medicine,"""in recognition of his work on the physiology of digestion through which knowledge on vital aspects of the subject has been transformed and enlarged""",1,149,recognition work physiology digestion knowledge vital aspects subject transformed enlarged
literature,"""in recognition of the fresh originality and true inspiration of his poetic production which faithfully reflects the natural scenery and native spirit of his people and in addition his significant work as a Proven&ccedil;al philologist""",3,236,recognition fresh originality true inspiration poetic production faithfully reflects natural scenery native spirit people addition significant work Provenccedilal philologist
chemistry,"""in recognition of his services in the advancement of organic chemistry and the chemical industry through his work on organic dyes and hydroaromatic compounds""",4,159,recognition services advancement organic chemistry chemical industry work organic dyes hydroaromatic compounds
literature,"""because of his outstanding merits as an epic writer""",3,53,outstanding merits epic writer
physics,"""for his work on cathode rays""",0,30,work cathode rays
peace,"""for her audacity to oppose the horrors of war""",2,47,audacity oppose horrors war
medicine,"""for his investigations and discoveries in relation to tuberculosis""",1,68,investigations discoveries relation tuberculosis
literature,"""not only in consideration of his deep learning and critical research but above all as a tribute to the creative energy freshness of style and lyrical force which characterize his poetic masterpieces""",3,200,consideration deep learning critical research tribute creative energy freshness style lyrical force characterize poetic masterpieces
peace,"""for his role in bringing to an end the bloody war recently waged between two of the world's great powers Japan and Russia""",2,123,role bringing end bloody war recently waged two worlds great powers Japan Russia
physics,"""in recognition of the great merits of his theoretical and experimental investigations on the conduction of electricity by gases""",0,129,recognition great merits theoretical experimental investigations conduction electricity gases
medicine,"""in recognition of their work on the structure of the nervous system""",1,69,recognition work structure nervous system
chemistry,"""in recognition of the great services rendered by him in his investigation and isolation of the element fluorine and for the adoption in the service of science of the electric furnace called after him""",4,201,recognition great services rendered investigation isolation element fluorine adoption service science electric furnace called
medicine,"""in recognition of their work on the structure of the nervous system""",1,69,recognition work structure nervous system
medicine,"""in recognition of his work on the role played by protozoa in causing diseases""",1,79,recognition work role played protozoa causing diseases
chemistry,"""for his biochemical researches and his discovery of cell-free fermentation""",4,76,biochemical researches discovery cellfree fermentation
literature,"""in consideration of the power of observation originality of imagination virility of ideas and remarkable talent for narration which characterize the creations of this world-famous author""",3,188,consideration power observation originality imagination virility ideas remarkable talent narration characterize creations worldfamous author
peace,"""for his decisive influence upon the conduct and outcome of the Hague and Geneva Conferences""",2,93,decisive influence upon conduct outcome Hague Geneva Conferences
peace,"""for his work in the press and in peace meetings both public and private for an understanding between France and Italy""",2,119,work press peace meetings public private understanding France Italy
physics,"""for his optical precision instruments and the spectroscopic and metrological investigations carried out with their aid""",0,120,optical precision instruments spectroscopic metrological investigations carried aid
chemistry,"""for his investigations into the disintegration of the elements and the chemistry of radioactive substances""",4,108,investigations disintegration elements chemistry radioactive substances
literature,"""in recognition of his earnest search for truth his penetrating power of thought his wide range of vision and the warmth and strength in presentation with which in his numerous works he has vindicated and developed an idealistic philosophy of life""",3,248,recognition earnest search truth penetrating power thought wide range vision warmth strength presentation numerous works vindicated developed idealistic philosophy life
peace,"""for their long time work for the cause of peace as politicians peace society leaders orators and authors""",2,106,long time work cause peace politicians peace society leaders orators authors
medicine,"""in recognition of their work on immunity""",1,42,recognition work immunity
medicine,"""in recognition of their work on immunity""",1,42,recognition work immunity
peace,"""for their long time work for the cause of peace as politicians peace society leaders orators and authors""",2,106,long time work cause peace politicians peace society leaders orators authors
physics,"""for his method of reproducing colours photographically based on the phenomenon of interference""",0,96,method reproducing colours photographically based phenomenon interference
physics,"""in recognition of their contributions to the development of wireless telegraphy""",0,81,recognition contributions development wireless telegraphy
medicine,"""for his work on the physiology pathology and surgery of the thyroid gland""",1,75,work physiology pathology surgery thyroid gland
literature,"""in appreciation of the lofty idealism vivid imagination and spiritual perception that characterize her writings""",3,113,appreciation lofty idealism vivid imagination spiritual perception characterize writings
chemistry,"""in recognition of his work on catalysis and for his investigations into the fundamental principles governing chemical equilibria and rates of reaction""",4,152,recognition work catalysis investigations fundamental principles governing chemical equilibria rates reaction
physics,"""in recognition of their contributions to the development of wireless telegraphy""",0,81,recognition contributions development wireless telegraphy
peace,"""for their prominent position in the international movement for peace and arbitration""",2,86,prominent position international movement peace arbitration
peace,"""for their prominent position in the international movement for peace and arbitration""",2,86,prominent position international movement peace arbitration
literature,"""as a tribute to the consummate artistry permeated with idealism which he has demonstrated during his long productive career as a lyric poet dramatist novelist and writer of world-renowned short stories""",3,203,tribute consummate artistry permeated idealism demonstrated long productive career lyric poet dramatist novelist writer worldrenowned short stories
peace,"""for acting as a link between the peace societies of the various countries and helping them to organize the world rallies of the international peace movement""",2,158,acting link peace societies various countries helping organize world rallies international peace movement
physics,"""for his work on the equation of state for gases and liquids""",0,61,work equation state gases liquids
medicine,"""in recognition of the contributions to our knowledge of cell chemistry made through his work on proteins including the nucleic substances""",1,139,recognition contributions knowledge cell chemistry made work proteins including nucleic substances
chemistry,"""in recognition of his services to organic chemistry and the chemical industry by his pioneer work in the field of alicyclic compounds""",4,135,recognition services organic chemistry chemical industry pioneer work field alicyclic compounds
peace,"""for his effort to expose and fight what he considers to be the main cause of war namely the anarchy in international relations""",2,128,effort expose fight considers main cause war namely anarchy international relations
peace,"""for his role as co-founder of the Institut de droit international initiator of the Conferences on International Private Law (Conférences de Droit international privé) at the Hague and pioneer in the field of international legal relations""",2,239,role cofounder Institut de droit international initiator Conferences International Private Law Conférences de Droit international privé Hague pioneer field international legal relations
physics,"""in recognition of the extraordinary services they have rendered by their joint researches on the radiation phenomena discovered by Professor Henri Becquerel""",0,158,recognition extraordinary services rendered joint researches radiation phenomena discovered Professor Henri Becquerel
chemistry,"""in recognition of her services to the advancement of chemistry by the discovery of the elements radium and polonium by the isolation of radium and the study of the nature and compounds of this remarkable element""",4,213,recognition services advancement chemistry discovery elements radium polonium isolation radium study nature compounds remarkable element
physics,"""for his discoveries regarding the laws governing the radiation of heat""",0,72,discoveries regarding laws governing radiation heat
literature,"""in appreciation of his many-sided literary activities and especially of his dramatic works which are distinguished by a wealth of imagination and by a poetic fancy which reveals sometimes in the guise of a fairy tale a deep inspiration while in a mysterious way they appeal to the readers' own feelings and stimulate their imaginations""",3,337,appreciation manysided literary activities especially dramatic works distinguished wealth imagination poetic fancy reveals sometimes guise fairy tale deep inspiration mysterious way appeal readers feelings stimulate imaginations
medicine,"""for his work on the dioptrics of the eye""",1,42,work dioptrics eye
literature,"""primarily in recognition of his fruitful varied and outstanding production in the realm of dramatic art""",3,105,primarily recognition fruitful varied outstanding production realm dramatic art
medicine,"""in recognition of his work on vascular suture and the transplantation of blood vessels and organs""",1,99,recognition work vascular suture transplantation blood vessels organs
chemistry,"""for his method of hydrogenating organic compounds in the presence of finely disintegrated metals whereby the progress of organic chemistry has been greatly advanced in recent years""",4,182,method hydrogenating organic compounds presence finely disintegrated metals whereby progress organic chemistry greatly advanced recent years
chemistry,"""for the discovery of the so-called Grignard reagent which in recent years has greatly advanced the progress of organic chemistry""",4,130,discovery socalled Grignard reagent recent years greatly advanced progress organic chemistry
physics,"""for his invention of automatic regulators for use in conjunction with gas accumulators for illuminating lighthouses and buoys""",0,127,invention automatic regulators use conjunction gas accumulators illuminating lighthouses buoys
peace,"""for bringing about better understanding between the countries of North and South America and initiating important arbitration agreements between the United States and other countries""",2,184,bringing better understanding countries North South America initiating important arbitration agreements United States countries
medicine,"""in recognition of his work on anaphylaxis""",1,43,recognition work anaphylaxis
chemistry,"""in recognition of his work on the linkage of atoms in molecules by which he has thrown new light on earlier investigations and opened up new fields of research especially in inorganic chemistry""",4,195,recognition work linkage atoms molecules thrown new light earlier investigations opened new fields research especially inorganic chemistry
peace,"""for his unparalleled contribution to the organization of peaceful internationalism""",2,84,unparalleled contribution organization peaceful internationalism
literature,"""because of his profoundly sensitive fresh and beautiful verse by which with consummate skill he has made his poetic thought expressed in his own English words a part of the literature of the West""",3,197,profoundly sensitive fresh beautiful verse consummate skill made poetic thought expressed English words part literature West
physics,"""for his investigations on the properties of matter at low temperatures which led inter alia to the production of liquid helium""",0,128,investigations properties matter low temperatures led inter alia production liquid helium
physics,"""for his discovery of the diffraction of X-rays by crystals""",0,60,discovery diffraction Xrays crystals
medicine,"""for his work on the physiology and pathology of the vestibular apparatus""",1,74,work physiology pathology vestibular apparatus
chemistry,"""in recognition of his accurate determinations of the atomic weight of a large number of chemical elements""",4,107,recognition accurate determinations atomic weight large number chemical elements
physics,"""for their services in the analysis of crystal structure by means of X-rays""",0,76,services analysis crystal structure means Xrays
physics,"""for their services in the analysis of crystal structure by means of X-rays""",0,76,services analysis crystal structure means Xrays
chemistry,"""for his researches on plant pigments especially chlorophyll""",4,61,researches plant pigments especially chlorophyll
literature,"""as a tribute to the lofty idealism of his literary production and to the sympathy and love of truth with which he has described different types of human beings""",3,161,tribute lofty idealism literary production sympathy love truth described different types human beings
literature,"""in recognition of his significance as the leading representative of a new era in our literature""",3,97,recognition significance leading representative new era literature
peace,"""for the efforts to take care of wounded soldiers and prisoners of war and their families""",2,90,efforts take care wounded soldiers prisoners war families
peace,"""for the great work it has performed during the war on behalf of humanity""",2,74,great work performed war behalf humanity
peace,"""for promoting the principles of the Geneva Convention and cooperation with the UN""",2,83,promoting principles Geneva Convention cooperation UN
physics,"""for his discovery of the characteristic R&ouml;ntgen radiation of the elements""",0,80,discovery characteristic Roumlntgen radiation elements
literature,"""for his varied and rich poetry which is inspired by lofty ideals""",3,66,varied rich poetry inspired lofty ideals
literature,"""for his authentic descriptions of present-day life in Denmark""",3,63,authentic descriptions presentday life Denmark
physics,"""in recognition of the services he rendered to the advancement of Physics by his discovery of energy quanta""",0,108,recognition services rendered advancement Physics discovery energy quanta
chemistry,"""for the synthesis of ammonia from its elements""",4,48,synthesis ammonia elements
peace,"""for his role as founder of the League of Nations""",2,50,role founder League Nations
medicine,"""for his discoveries relating to immunity""",1,42,discoveries relating immunity
physics,"""for his discovery of the Doppler effect in canal rays and the splitting of spectral lines in electric fields""",0,110,discovery Doppler effect canal rays splitting spectral lines electric fields
literature,"""in special appreciation of his epic <I>Olympian Spring</I>""",3,60,special appreciation epic IOlympian SpringI
physics,"""in recognition of the service he has rendered to precision measurements in Physics by his discovery of anomalies in nickel steel alloys""",0,137,recognition service rendered precision measurements Physics discovery anomalies nickel steel alloys
chemistry,"""in recognition of his work in thermochemistry""",4,47,recognition work thermochemistry
medicine,"""for his discovery of the capillary motor regulating mechanism""",1,63,discovery capillary motor regulating mechanism
peace,"""for his longstanding contribution to the cause of peace and justice and his prominent role in the establishment of the League of Nations""",2,138,longstanding contribution cause peace justice prominent role establishment League Nations
literature,"""for his monumental work <I>Growth of the Soil</I>""",3,51,monumental work IGrowth SoilI
literature,"""in recognition of his brilliant literary achievements characterized as they are by a nobility of style a profound human sympathy grace and a true Gallic temperament""",3,166,recognition brilliant literary achievements characterized nobility style profound human sympathy grace true Gallic temperament
peace,"""for their lifelong contributions to the cause of peace and organized internationalism""",2,87,lifelong contributions cause peace organized internationalism
physics,"""for his services to Theoretical Physics and especially for his discovery of the law of the photoelectric effect""",0,113,services Theoretical Physics especially discovery law photoelectric effect
chemistry,"""for his contributions to our knowledge of the chemistry of radioactive substances and his investigations into the origin and nature of isotopes""",4,145,contributions knowledge chemistry radioactive substances investigations origin nature isotopes
peace,"""for their lifelong contributions to the cause of peace and organized internationalism""",2,87,lifelong contributions cause peace organized internationalism
physics,"""for his services in the investigation of the structure of atoms and of the radiation emanating from them""",0,106,services investigation structure atoms radiation emanating
peace,"""for his leading role in the repatriation of prisoners of war in international relief work and as the League of Nations' High Commissioner for refugees""",2,152,leading role repatriation prisoners war international relief work League Nations High Commissioner refugees
chemistry,"""for his discovery by means of his mass spectrograph of isotopes in a large number of non-radioactive elements and for his enunciation of the whole-number rule""",4,160,discovery means mass spectrograph isotopes large number nonradioactive elements enunciation wholenumber rule
medicine,"""for his discovery of the fixed relationship between the consumption of oxygen and the metabolism of lactic acid in the muscle""",1,127,discovery fixed relationship consumption oxygen metabolism lactic acid muscle
literature,"""for the happy manner in which he has continued the illustrious traditions of the Spanish drama""",3,96,happy manner continued illustrious traditions Spanish drama
medicine,"""for his discovery relating to the production of heat in the muscle""",1,68,discovery relating production heat muscle
medicine,"""for the discovery of insulin""",1,30,discovery insulin
medicine,"""for the discovery of insulin""",1,30,discovery insulin
physics,"""for his work on the elementary charge of electricity and on the photoelectric effect""",0,86,work elementary charge electricity photoelectric effect
chemistry,"""for his invention of the method of micro-analysis of organic substances""",4,73,invention method microanalysis organic substances
literature,"""for his always inspired poetry which in a highly artistic form gives expression to the spirit of a whole nation""",3,113,always inspired poetry highly artistic form gives expression spirit whole nation
literature,"""for his great national epic <I>The Peasants</I>""",3,49,great national epic IThe PeasantsI
medicine,"""for his discovery of the mechanism of the electrocardiogram""",1,61,discovery mechanism electrocardiogram
physics,"""for his discoveries and research in the field of X-ray spectroscopy""",0,69,discoveries research field Xray spectroscopy
physics,"""for their discovery of the laws governing the impact of an electron upon an atom""",0,82,discovery laws governing impact electron upon atom
physics,"""for their discovery of the laws governing the impact of an electron upon an atom""",0,82,discovery laws governing impact electron upon atom
peace,"""for his crucial role in bringing about the Locarno Treaty""",2,59,crucial role bringing Locarno Treaty
peace,"""for his crucial role in bringing about the Dawes Plan""",2,55,crucial role bringing Dawes Plan
chemistry,"""for his demonstration of the heterogenous nature of colloid solutions and for the methods he used which have since become fundamental in modern colloid chemistry""",4,163,demonstration heterogenous nature colloid solutions methods used since become fundamental modern colloid chemistry
literature,"""for his work which is marked by both idealism and humanity its stimulating satire often being infused with a singular poetic beauty""",3,133,work marked idealism humanity stimulating satire often infused singular poetic beauty
peace,"""for their crucial role in bringing about the Locarno Treaty""",2,61,crucial role bringing Locarno Treaty
peace,"""for their crucial role in bringing about the Locarno Treaty""",2,61,crucial role bringing Locarno Treaty
literature,"""for her idealistically inspired writings which with plastic clarity picture the life on her native island and with depth and sympathy deal with human problems in general""",3,171,idealistically inspired writings plastic clarity picture life native island depth sympathy deal human problems general
medicine,"""for his discovery of the Spiroptera carcinoma""",1,47,discovery Spiroptera carcinoma
physics,"""for his work on the discontinuous structure of matter and especially for his discovery of sedimentation equilibrium""",0,117,work discontinuous structure matter especially discovery sedimentation equilibrium
chemistry,"""for his work on disperse systems""",4,34,work disperse systems
literature,"""in recognition of his rich and vitalizing ideas and the brilliant skill with which they have been presented""",3,109,recognition rich vitalizing ideas brilliant skill presented
peace,"""for their contribution to the emergence in France and Germany of a public opinion which favours peaceful international cooperation""",2,132,contribution emergence France Germany public opinion favours peaceful international cooperation
physics,"""for his discovery of the effect named after him""",0,49,discovery effect named
physics,"""for his method of making the paths of electrically charged particles visible by condensation of vapour""",0,104,method making paths electrically charged particles visible condensation vapour
medicine,"""for his discovery of the therapeutic value of malaria inoculation in the treatment of dementia paralytica""",1,107,discovery therapeutic value malaria inoculation treatment dementia paralytica
chemistry,"""for his investigations of the constitution of the bile acids and related substances""",4,85,investigations constitution bile acids related substances
peace,"""for their contribution to the emergence in France and Germany of a public opinion which favours peaceful international cooperation""",2,132,contribution emergence France Germany public opinion favours peaceful international cooperation
medicine,"""for his work on typhus""",1,24,work typhus
chemistry,"""for the services rendered through his research into the constitution of the sterols and their connection with the vitamins""",4,124,services rendered research constitution sterols connection vitamins
physics,"""for his work on the thermionic phenomenon and especially for the discovery of the law named after him""",0,103,work thermionic phenomenon especially discovery law named
literature,"""principally for her powerful descriptions of Northern life during the Middle Ages""",3,83,principally powerful descriptions Northern life Middle Ages
chemistry,"""for their investigations on the fermentation of sugar and fermentative enzymes""",4,80,investigations fermentation sugar fermentative enzymes
chemistry,"""for their investigations on the fermentation of sugar and fermentative enzymes""",4,80,investigations fermentation sugar fermentative enzymes
medicine,"""for his discovery of the antineuritic vitamin""",1,47,discovery antineuritic vitamin
physics,"""for his discovery of the wave nature of electrons""",0,51,discovery wave nature electrons
literature,"""principally for his great novel <I>Buddenbrooks</I> which has won steadily increased recognition as one of the classic works of contemporary literature""",3,153,principally great novel IBuddenbrooksI steadily increased recognition one classic works contemporary literature
medicine,"""for his discovery of the growth-stimulating vitamins""",1,54,discovery growthstimulating vitamins
peace,"""for his crucial role in bringing about the Briand-Kellogg Pact""",2,64,crucial role bringing BriandKellogg Pact
literature,"""for his vigorous and graphic art of description and his ability to create with wit and humour new types of characters""",3,119,vigorous graphic art description ability create wit humour new types characters
medicine,"""for his discovery of human blood groups""",1,41,discovery human blood groups
chemistry,"""for his researches into the constitution of haemin and chlorophyll and especially for his synthesis of haemin""",4,111,researches constitution haemin chlorophyll especially synthesis haemin
peace,"""for promoting Christian unity and helping create 'that new attitude of mind which is necessary if peace between nations is to become reality'""",2,143,promoting Christian unity helping create new attitude mind necessary peace nations become reality
physics,"""for his work on the scattering of light and for the discovery of the effect named after him""",0,93,work scattering light discovery effect named
medicine,"""for his discovery of the nature and mode of action of the respiratory enzyme""",1,78,discovery nature mode action respiratory enzyme
chemistry,"""in recognition of their contributions to the invention and development of chemical high pressure methods""",4,106,recognition contributions invention development chemical high pressure methods
chemistry,"""in recognition of their contributions to the invention and development of chemical high pressure methods""",4,106,recognition contributions invention development chemical high pressure methods
literature,"""The poetry of Erik Axel Karlfeldt""",3,35,poetry Erik Axel Karlfeldt
peace,"""for their assiduous effort to revive the ideal of peace and to rekindle the spirit of peace in their own nation and in the whole of mankind""",2,141,assiduous effort revive ideal peace rekindle spirit peace nation whole mankind
peace,"""for their assiduous effort to revive the ideal of peace and to rekindle the spirit of peace in their own nation and in the whole of mankind""",2,141,assiduous effort revive ideal peace rekindle spirit peace nation whole mankind
medicine,"""for their discoveries regarding the functions of neurons""",1,58,discoveries regarding functions neurons
medicine,"""for their discoveries regarding the functions of neurons""",1,58,discoveries regarding functions neurons
physics,"""for the creation of quantum mechanics the application of which has inter alia led to the discovery of the allotropic forms of hydrogen""",0,136,creation quantum mechanics application inter alia led discovery allotropic forms hydrogen
literature,"""for his distinguished art of narration which takes its highest form in <I>The Forsyte Saga</I>""",3,96,distinguished art narration takes highest form IThe Forsyte SagaI
chemistry,"""for his discoveries and investigations in surface chemistry""",4,61,discoveries investigations surface chemistry
physics,"""for the discovery of new productive forms of atomic theory""",0,60,discovery new productive forms atomic theory
physics,"""for the discovery of new productive forms of atomic theory""",0,60,discovery new productive forms atomic theory
peace,"""for having exposed by his pen the illusion of war and presented a convincing plea for international cooperation and peace""",2,123,exposed pen illusion war presented convincing plea international cooperation peace
medicine,"""for his discoveries concerning the role played by the chromosome in heredity""",1,78,discoveries concerning role played chromosome heredity
literature,"""for the strict artistry with which he has carried on the classical Russian traditions in prose writing""",3,104,strict artistry carried classical Russian traditions prose writing
medicine,"""for their discoveries concerning liver therapy in cases of anaemia""",1,68,discoveries concerning liver therapy cases anaemia
chemistry,"""for his discovery of heavy hydrogen""",4,37,discovery heavy hydrogen
literature,"""for his bold and ingenious revival of dramatic and scenic art""",3,63,bold ingenious revival dramatic scenic art
medicine,"""for their discoveries concerning liver therapy in cases of anaemia""",1,68,discoveries concerning liver therapy cases anaemia
medicine,"""for their discoveries concerning liver therapy in cases of anaemia""",1,68,discoveries concerning liver therapy cases anaemia
peace,"""for his untiring struggle and his courageous efforts as Chairman of the League of Nations Disarmament Conference 1931-34""",2,122,untiring struggle courageous efforts Chairman League Nations Disarmament Conference 193134
chemistry,"""in recognition of their synthesis of new radioactive elements""",4,63,recognition synthesis new radioactive elements
chemistry,"""in recognition of their synthesis of new radioactive elements""",4,63,recognition synthesis new radioactive elements
physics,"""for the discovery of the neutron""",0,34,discovery neutron
medicine,"""for his discovery of the organizer effect in embryonic development""",1,68,discovery organizer effect embryonic development
peace,"""for his burning love for freedom of thought and expression and his valuable contribution to the cause of peace""",2,112,burning love freedom thought expression valuable contribution cause peace
chemistry,"""for his contributions to our knowledge of molecular structure through his investigations on dipole moments and on the diffraction of X-rays and electrons in gases""",4,164,contributions knowledge molecular structure investigations dipole moments diffraction Xrays electrons gases
medicine,"""for their discoveries relating to chemical transmission of nerve impulses""",1,75,discoveries relating chemical transmission nerve impulses
physics,"""for his discovery of cosmic radiation""",0,39,discovery cosmic radiation
medicine,"""for their discoveries relating to chemical transmission of nerve impulses""",1,75,discoveries relating chemical transmission nerve impulses
physics,"""for his discovery of the positron""",0,35,discovery positron
peace,"""for his role as father of the Argentine Antiwar Pact of 1933 which he also used as a means to mediate peace between Paraguay and Bolivia in 1935""",2,146,role father Argentine Antiwar Pact 1933 also used means mediate peace Paraguay Bolivia 1935
literature,"""for the power honesty and deep-felt emotions of his dramatic works which embody an original concept of tragedy""",3,112,power honesty deepfelt emotions dramatic works embody original concept tragedy
physics,"""for their experimental discovery of the diffraction of electrons by crystals""",0,78,experimental discovery diffraction electrons crystals
medicine,"""for his discoveries in connection with the biological combustion processes with special reference to vitamin C and the catalysis of fumaric acid""",1,146,discoveries connection biological combustion processes special reference vitamin C catalysis fumaric acid
chemistry,"""for his investigations on carbohydrates and vitamin C""",4,55,investigations carbohydrates vitamin C
physics,"""for their experimental discovery of the diffraction of electrons by crystals""",0,78,experimental discovery diffraction electrons crystals
peace,"""for his tireless effort in support of the League of Nations disarmament and peace""",2,83,tireless effort support League Nations disarmament peace
literature,"""for the artistic power and truth with which he has depicted human conflict as well as some fundamental aspects of contemporary life in his novel-cycle <I>Les Thibault</I>""",3,172,artistic power truth depicted human conflict well fundamental aspects contemporary life novelcycle ILes ThibaultI
chemistry,"""for his investigations on carotenoids flavins and vitamins A and B2""",4,69,investigations carotenoids flavins vitamins B2
physics,"""for his demonstrations of the existence of new radioactive elements produced by neutron irradiation and for his related discovery of nuclear reactions brought about by slow neutrons""",0,183,demonstrations existence new radioactive elements produced neutron irradiation related discovery nuclear reactions brought slow neutrons
chemistry,"""for his work on carotenoids and vitamins""",4,42,work carotenoids vitamins
medicine,"""for the discovery of the role played by the sinus and aortic mechanisms in the regulation of respiration""",1,106,discovery role played sinus aortic mechanisms regulation respiration
peace,"""for having carried on the work of Fridtjof Nansen to the benefit of refugees across Europe""",2,92,carried work Fridtjof Nansen benefit refugees across Europe
literature,"""for her rich and truly epic descriptions of peasant life in China and for her biographical masterpieces""",3,105,rich truly epic descriptions peasant life China biographical masterpieces
medicine,"""for the discovery of the antibacterial effects of prontosil""",1,61,discovery antibacterial effects prontosil
physics,"""for the invention and development of the cyclotron and for results obtained with it especially with regard to artificial radioactive elements""",0,143,invention development cyclotron results obtained especially regard artificial radioactive elements
chemistry,"""for his work on polymethylenes and higher terpenes""",4,52,work polymethylenes higher terpenes
chemistry,"""for his work on sex hormones""",4,30,work sex hormones
literature,"""for his deep understanding of his country's peasantry and the exquisite art with which he has portrayed their way of life and their relationship with Nature""",3,158,deep understanding countrys peasantry exquisite art portrayed way life relationship Nature
medicine,"""for his discovery of vitamin K""",1,32,discovery vitamin K
medicine,"""for his discovery of the chemical nature of vitamin K""",1,55,discovery chemical nature vitamin K
chemistry,"""for his work on the use of isotopes as tracers in the study of chemical processes""",4,83,work use isotopes tracers study chemical processes
physics,"""for his contribution to the development of the molecular ray method and his discovery of the magnetic moment of the proton""",0,124,contribution development molecular ray method discovery magnetic moment proton
medicine,"""for their discoveries relating to the highly differentiated functions of single nerve fibres""",1,94,discoveries relating highly differentiated functions single nerve fibres
literature,"""for the rare strength and fertility of his poetic imagination with which is combined an intellectual curiosity of wide scope and a bold freshly creative style""",3,160,rare strength fertility poetic imagination combined intellectual curiosity wide scope bold freshly creative style
medicine,"""for their discoveries relating to the highly differentiated functions of single nerve fibres""",1,94,discoveries relating highly differentiated functions single nerve fibres
chemistry,"""for his discovery of the fission of heavy nuclei""",4,50,discovery fission heavy nuclei
peace,"""for the efforts to take care of wounded soldiers and prisoners of war and their families""",2,90,efforts take care wounded soldiers prisoners war families
peace,"""for the great work it has performed during the war on behalf of humanity""",2,74,great work performed war behalf humanity
peace,"""for promoting the principles of the Geneva Convention and cooperation with the UN""",2,83,promoting principles Geneva Convention cooperation UN
physics,"""for his resonance method for recording the magnetic properties of atomic nuclei""",0,81,resonance method recording magnetic properties atomic nuclei
physics,"""for the discovery of the Exclusion Principle also called the Pauli Principle""",0,78,discovery Exclusion Principle also called Pauli Principle
literature,"""for her lyric poetry which inspired by powerful emotions has made her name a symbol of the idealistic aspirations of the entire Latin American world""",3,150,lyric poetry inspired powerful emotions made name symbol idealistic aspirations entire Latin American world
chemistry,"""for his research and inventions in agricultural and nutrition chemistry especially for his fodder preservation method""",4,119,research inventions agricultural nutrition chemistry especially fodder preservation method
peace,"""for his indefatigable work for international understanding and his pivotal role in establishing the United Nations""",2,116,indefatigable work international understanding pivotal role establishing United Nations
medicine,"""for the discovery of penicillin and its curative effect in various infectious diseases""",1,88,discovery penicillin curative effect various infectious diseases
medicine,"""for the discovery of penicillin and its curative effect in various infectious diseases""",1,88,discovery penicillin curative effect various infectious diseases
medicine,"""for the discovery of penicillin and its curative effect in various infectious diseases""",1,88,discovery penicillin curative effect various infectious diseases
peace,"""for his contribution to the creation of a peace-promoting religious brotherhood across national boundaries""",2,108,contribution creation peacepromoting religious brotherhood across national boundaries
physics,"""for the invention of an apparatus to produce extremely high pressures and for the discoveries he made therewith in the field of high pressure physics""",0,151,invention apparatus produce extremely high pressures discoveries made therewith field high pressure physics
chemistry,"""for his discovery that enzymes can be crystallized""",4,52,discovery enzymes crystallized
chemistry,"""for their preparation of enzymes and virus proteins in a pure form""",4,68,preparation enzymes virus proteins pure form
chemistry,"""for their preparation of enzymes and virus proteins in a pure form""",4,68,preparation enzymes virus proteins pure form
medicine,"""for the discovery of the production of mutations by means of X-ray irradiation""",1,80,discovery production mutations means Xray irradiation
peace,"""for her lifelong work for the cause of peace""",2,46,lifelong work cause peace
literature,"""for his inspired writings which while growing in boldness and penetration exemplify the classical humanitarian ideals and high qualities of style""",3,147,inspired writings growing boldness penetration exemplify classical humanitarian ideals high qualities style
medicine,"""for their discovery of the course of the catalytic conversion of glycogen""",1,75,discovery course catalytic conversion glycogen
medicine,"""for his discovery of the part played by the hormone of the anterior pituitary lobe in the metabolism of sugar""",1,111,discovery part played hormone anterior pituitary lobe metabolism sugar
physics,"""for his investigations of the physics of the upper atmosphere especially for the discovery of the so-called Appleton layer""",0,124,investigations physics upper atmosphere especially discovery socalled Appleton layer
literature,"""for his comprehensive and artistically significant writings in which human problems and conditions have been presented with a fearless love of truth and keen psychological insight""",3,181,comprehensive artistically significant writings human problems conditions presented fearless love truth keen psychological insight
chemistry,"""for his investigations on plant products of biological importance especially the alkaloids""",4,92,investigations plant products biological importance especially alkaloids
peace,"""for their pioneering work in the international peace movement and compassionate effort to relieve human suffering thereby promoting the fraternity between nations""",2,164,pioneering work international peace movement compassionate effort relieve human suffering thereby promoting fraternity nations
peace,"""for their pioneering work in the international peace movement and compassionate effort to relieve human suffering thereby promoting the fraternity between nations""",2,164,pioneering work international peace movement compassionate effort relieve human suffering thereby promoting fraternity nations
medicine,"""for their discovery of the course of the catalytic conversion of glycogen""",1,75,discovery course catalytic conversion glycogen
medicine,"""for his discovery of the high efficiency of DDT as a contact poison against several arthropods""",1,96,discovery high efficiency DDT contact poison several arthropods
literature,"""for his outstanding pioneer contribution to present-day poetry""",3,64,outstanding pioneer contribution presentday poetry
chemistry,"""for his research on electrophoresis and adsorption analysis especially for his discoveries concerning the complex nature of the serum proteins""",4,144,research electrophoresis adsorption analysis especially discoveries concerning complex nature serum proteins
physics,"""for his development of the Wilson cloud chamber method and his discoveries therewith in the fields of nuclear physics and cosmic radiation""",0,140,development Wilson cloud chamber method discoveries therewith fields nuclear physics cosmic radiation
medicine,"""for his discovery of the therapeutic value of leucotomy in certain psychoses""",1,78,discovery therapeutic value leucotomy certain psychoses
chemistry,"""for his contributions in the field of chemical thermodynamics particularly concerning the behaviour of substances at extremely low temperatures""",4,145,contributions field chemical thermodynamics particularly concerning behaviour substances extremely low temperatures
medicine,"""for his discovery of the functional organization of the interbrain as a coordinator of the activities of the internal organs""",1,126,discovery functional organization interbrain coordinator activities internal organs
literature,"""for his powerful and artistically unique contribution to the modern American novel""",3,84,powerful artistically unique contribution modern American novel
peace,"""for his lifelong effort to conquer hunger and want thereby helping to remove a major cause of military conflict and war""",2,121,lifelong effort conquer hunger want thereby helping remove major cause military conflict war
physics,"""for his prediction of the existence of mesons on the basis of theoretical work on nuclear forces""",0,98,prediction existence mesons basis theoretical work nuclear forces
literature,"""in recognition of his varied and significant writings in which he champions humanitarian ideals and freedom of thought""",3,120,recognition varied significant writings champions humanitarian ideals freedom thought
peace,"""for his work as mediator in Palestine in 1948-1949""",2,52,work mediator Palestine 19481949
medicine,"""for their discoveries relating to the hormones of the adrenal cortex their structure and biological effects""",1,109,discoveries relating hormones adrenal cortex structure biological effects
medicine,"""for their discoveries relating to the hormones of the adrenal cortex their structure and biological effects""",1,109,discoveries relating hormones adrenal cortex structure biological effects
medicine,"""for their discoveries relating to the hormones of the adrenal cortex their structure and biological effects""",1,109,discoveries relating hormones adrenal cortex structure biological effects
chemistry,"""for their discovery and development of the diene synthesis""",4,60,discovery development diene synthesis
physics,"""for his development of the photographic method of studying nuclear processes and his discoveries regarding mesons made with this method""",0,137,development photographic method studying nuclear processes discoveries regarding mesons made method
chemistry,"""for their discovery and development of the diene synthesis""",4,60,discovery development diene synthesis
peace,"""for having devoted his life to the fight against war through the promotion of social justice and brotherhood among men and nations""",2,132,devoted life fight war promotion social justice brotherhood among men nations
literature,"""for the artistic vigour and true independence of mind with which he endeavours in his poetry to find answers to the eternal questions confronting mankind""",3,155,artistic vigour true independence mind endeavours poetry find answers eternal questions confronting mankind
physics,"""for their pioneer work on the transmutation of atomic nuclei by artificially accelerated atomic particles""",0,107,pioneer work transmutation atomic nuclei artificially accelerated atomic particles
physics,"""for their pioneer work on the transmutation of atomic nuclei by artificially accelerated atomic particles""",0,107,pioneer work transmutation atomic nuclei artificially accelerated atomic particles
chemistry,"""for their discoveries in the chemistry of the transuranium elements""",4,69,discoveries chemistry transuranium elements
medicine,"""for his discoveries concerning yellow fever and how to combat it""",1,66,discoveries concerning yellow fever combat
chemistry,"""for their discoveries in the chemistry of the transuranium elements""",4,69,discoveries chemistry transuranium elements
physics,"""for their development of new methods for nuclear magnetic precision measurements and discoveries in connection therewith""",0,122,development new methods nuclear magnetic precision measurements discoveries connection therewith
chemistry,"""for their invention of partition chromatography""",4,49,invention partition chromatography
peace,"""for his altruism reverence for life and tireless humanitarian work which has helped making the idea of brotherhood between men and nations a living one""",2,153,altruism reverence life tireless humanitarian work helped making idea brotherhood men nations living one
medicine,"""for his discovery of streptomycin the first antibiotic effective against tuberculosis""",1,87,discovery streptomycin first antibiotic effective tuberculosis
chemistry,"""for their invention of partition chromatography""",4,49,invention partition chromatography
physics,"""for their development of new methods for nuclear magnetic precision measurements and discoveries in connection therewith""",0,122,development new methods nuclear magnetic precision measurements discoveries connection therewith
literature,"""for the deep spiritual insight and the artistic intensity with which he has in his novels penetrated the drama of human life""",3,126,deep spiritual insight artistic intensity novels penetrated drama human life
peace,"""for proposing and supervising the plan for the economic recovery of Europe""",2,76,proposing supervising plan economic recovery Europe
medicine,"""for his discovery of the citric acid cycle""",1,44,discovery citric acid cycle
medicine,"""for his discovery of co-enzyme A and its importance for intermediary metabolism""",1,81,discovery coenzyme importance intermediary metabolism
physics,"""for his demonstration of the phase contrast method especially for his invention of the phase contrast microscope""",0,114,demonstration phase contrast method especially invention phase contrast microscope
chemistry,"""for his discoveries in the field of macromolecular chemistry""",4,62,discoveries field macromolecular chemistry
literature,"""for his mastery of historical and biographical description as well as for brilliant oratory in defending exalted human values""",3,127,mastery historical biographical description well brilliant oratory defending exalted human values
medicine,"""for their discovery of the ability of poliomyelitis viruses to grow in cultures of various types of tissue""",1,108,discovery ability poliomyelitis viruses grow cultures various types tissue
medicine,"""for their discovery of the ability of poliomyelitis viruses to grow in cultures of various types of tissue""",1,108,discovery ability poliomyelitis viruses grow cultures various types tissue
medicine,"""for their discovery of the ability of poliomyelitis viruses to grow in cultures of various types of tissue""",1,108,discovery ability poliomyelitis viruses grow cultures various types tissue
chemistry,"""for his research into the nature of the chemical bond and its application to the elucidation of the structure of complex substances""",4,133,research nature chemical bond application elucidation structure complex substances
peace,"""for his fight against the nuclear arms race between East and West""",2,67,fight nuclear arms race East West
physics,"""for his fundamental research in quantum mechanics especially for his statistical interpretation of the wavefunction""",0,117,fundamental research quantum mechanics especially statistical interpretation wavefunction
physics,"""for the coincidence method and his discoveries made therewith""",0,63,coincidence method discoveries made therewith
literature,"""for his mastery of the art of narrative most recently demonstrated in <I>The Old Man and the Sea</I> and for the influence that he has exerted on contemporary style""",3,166,mastery art narrative recently demonstrated IThe Old Man SeaI influence exerted contemporary style
peace,"""for its efforts to heal the wounds of war by providing help and protection to refugees all over the world""",2,107,efforts heal wounds war providing help protection refugees world
peace,"""for promoting the fundamental rights of refugees""",2,50,promoting fundamental rights refugees
literature,"""for his vivid epic power which has renewed the great narrative art of Iceland""",3,79,vivid epic power renewed great narrative art Iceland
physics,"""for his precision determination of the magnetic moment of the electron""",0,72,precision determination magnetic moment electron
physics,"""for his discoveries concerning the fine structure of the hydrogen spectrum""",0,76,discoveries concerning fine structure hydrogen spectrum
medicine,"""for his discoveries concerning the nature and mode of action of oxidation enzymes""",1,83,discoveries concerning nature mode action oxidation enzymes
chemistry,"""for his work on biochemically important sulphur compounds especially for the first synthesis of a polypeptide hormone""",4,119,work biochemically important sulphur compounds especially first synthesis polypeptide hormone
medicine,"""for their discoveries concerning heart catheterization and pathological changes in the circulatory system""",1,107,discoveries concerning heart catheterization pathological changes circulatory system
medicine,"""for their discoveries concerning heart catheterization and pathological changes in the circulatory system""",1,107,discoveries concerning heart catheterization pathological changes circulatory system
physics,"""for their researches on semiconductors and their discovery of the transistor effect""",0,85,researches semiconductors discovery transistor effect
chemistry,"""for their researches into the mechanism of chemical reactions""",4,63,researches mechanism chemical reactions
chemistry,"""for their researches into the mechanism of chemical reactions""",4,63,researches mechanism chemical reactions
physics,"""for their researches on semiconductors and their discovery of the transistor effect""",0,85,researches semiconductors discovery transistor effect
physics,"""for their jointly developed theory of superconductivity usually called the BCS-theory""",0,87,jointly developed theory superconductivity usually called BCStheory
physics,"""for their researches on semiconductors and their discovery of the transistor effect""",0,85,researches semiconductors discovery transistor effect
medicine,"""for their discoveries concerning heart catheterization and pathological changes in the circulatory system""",1,107,discoveries concerning heart catheterization pathological changes circulatory system
literature,"""for his lyrical poetry which in Spanish language constitutes an example of high spirit and artistical purity""",3,110,lyrical poetry Spanish language constitutes example high spirit artistical purity
physics,"""for their penetrating investigation of the so-called parity laws which has led to important discoveries regarding the elementary particles""",0,140,penetrating investigation socalled parity laws led important discoveries regarding elementary particles
peace,"""for his crucial contribution to the deployment of a United Nations Emergency Force in the wake of the Suez Crisis""",2,115,crucial contribution deployment United Nations Emergency Force wake Suez Crisis
chemistry,"""for his work on nucleotides and nucleotide co-enzymes""",4,55,work nucleotides nucleotide coenzymes
physics,"""for their penetrating investigation of the so-called parity laws which has led to important discoveries regarding the elementary particles""",0,140,penetrating investigation socalled parity laws led important discoveries regarding elementary particles
literature,"""for his important literary production which with clear-sighted earnestness illuminates the problems of the human conscience in our times""",3,138,important literary production clearsighted earnestness illuminates problems human conscience times
medicine,"""for his discoveries relating to synthetic compounds that inhibit the action of certain body substances and especially their action on the vascular system and the skeletal muscles""",1,180,discoveries relating synthetic compounds inhibit action certain body substances especially action vascular system skeletal muscles
chemistry,"""for his work on the structure of proteins especially that of insulin""",4,70,work structure proteins especially insulin
chemistry,"""for their contributions concerning the determination of base sequences in nucleic acids""",4,89,contributions concerning determination base sequences nucleic acids
peace,"""for his efforts to help refugees to leave their camps and return to a life of freedom and dignity""",2,99,efforts help refugees leave camps return life freedom dignity
medicine,"""for their discovery that genes act by regulating definite chemical events""",1,75,discovery genes act regulating definite chemical events
medicine,"""for his discoveries concerning genetic recombination and the organization of the genetic material of bacteria""",1,111,discoveries concerning genetic recombination organization genetic material bacteria
literature,"""for his important achievement both in contemporary lyrical poetry and in the field of the great Russian epic tradition""",3,120,important achievement contemporary lyrical poetry field great Russian epic tradition
physics,"""for the discovery and the interpretation of the Cherenkov effect""",0,66,discovery interpretation Cherenkov effect
physics,"""for the discovery and the interpretation of the Cherenkov effect""",0,66,discovery interpretation Cherenkov effect
physics,"""for the discovery and the interpretation of the Cherenkov effect""",0,66,discovery interpretation Cherenkov effect
medicine,"""for their discovery that genes act by regulating definite chemical events""",1,75,discovery genes act regulating definite chemical events
medicine,"""for their discovery of the mechanisms in the biological synthesis of ribonucleic acid and deoxyribonucleic acid""",1,113,discovery mechanisms biological synthesis ribonucleic acid deoxyribonucleic acid
chemistry,"""for his discovery and development of the polarographic methods of analysis""",4,76,discovery development polarographic methods analysis
physics,"""for their discovery of the antiproton""",0,39,discovery antiproton
physics,"""for their discovery of the antiproton""",0,39,discovery antiproton
medicine,"""for their discovery of the mechanisms in the biological synthesis of ribonucleic acid and deoxyribonucleic acid""",1,113,discovery mechanisms biological synthesis ribonucleic acid deoxyribonucleic acid
peace,"""for his longstanding contribution to the cause of disarmament and peace""",2,73,longstanding contribution cause disarmament peace
literature,"""for his lyrical poetry which with classical fire expresses the tragic experience of life in our own times""",3,107,lyrical poetry classical fire expresses tragic experience life times
medicine,"""for discovery of acquired immunological tolerance""",1,51,discovery acquired immunological tolerance
physics,"""for the invention of the bubble chamber""",0,41,invention bubble chamber
medicine,"""for discovery of acquired immunological tolerance""",1,51,discovery acquired immunological tolerance
literature,"""for the soaring flight and the evocative imagery of his poetry which in a visionary fashion reflects the conditions of our time""",3,129,soaring flight evocative imagery poetry visionary fashion reflects conditions time
peace,"""for his non-violent struggle against apartheid""",2,48,nonviolent struggle apartheid
chemistry,"""for his method to use carbon-14 for age determination in archaeology geology geophysics and other branches of science""",4,119,method use carbon14 age determination archaeology geology geophysics branches science
physics,"""for his researches concerning the resonance absorption of gamma radiation and his discovery in this connection of the effect which bears his name""",0,147,researches concerning resonance absorption gamma radiation discovery connection effect bears name
peace,"""for developing the UN into an effective and constructive international organization capable of giving life to the principles and aims expressed in the UN Charter""",2,163,developing UN effective constructive international organization capable giving life principles aims expressed UN Charter
medicine,"""for his discoveries of the physical mechanism of stimulation within the cochlea""",1,81,discoveries physical mechanism stimulation within cochlea
literature,"""for the epic force with which he has traced themes and depicted human destinies drawn from the history of his country""",3,119,epic force traced themes depicted human destinies drawn history country
chemistry,"""for his research on the carbon dioxide assimilation in plants""",4,63,research carbon dioxide assimilation plants
physics,"""for his pioneering studies of electron scattering in atomic nuclei and for his thereby achieved discoveries concerning the structure of the nucleons""",0,150,pioneering studies electron scattering atomic nuclei thereby achieved discoveries concerning structure nucleons
medicine,"""for their discoveries concerning the molecular structure of nucleic acids and its significance for information transfer in living material""",1,140,discoveries concerning molecular structure nucleic acids significance information transfer living material
medicine,"""for their discoveries concerning the molecular structure of nucleic acids and its significance for information transfer in living material""",1,140,discoveries concerning molecular structure nucleic acids significance information transfer living material
medicine,"""for their discoveries concerning the molecular structure of nucleic acids and its significance for information transfer in living material""",1,140,discoveries concerning molecular structure nucleic acids significance information transfer living material
chemistry,"""for his research into the nature of the chemical bond and its application to the elucidation of the structure of complex substances""",4,133,research nature chemical bond application elucidation structure complex substances
peace,"""for his fight against the nuclear arms race between East and West""",2,67,fight nuclear arms race East West
chemistry,"""for their studies of the structures of globular proteins""",4,58,studies structures globular proteins
chemistry,"""for their studies of the structures of globular proteins""",4,58,studies structures globular proteins
physics,"""for his pioneering theories for condensed matter especially liquid helium""",0,75,pioneering theories condensed matter especially liquid helium
literature,"""for his realistic and imaginative writings combining as they do sympathetic humour and keen social perception""",3,111,realistic imaginative writings combining sympathetic humour keen social perception
medicine,"""for their discoveries concerning the ionic mechanisms involved in excitation and inhibition in the peripheral and central portions of the nerve cell membrane""",1,159,discoveries concerning ionic mechanisms involved excitation inhibition peripheral central portions nerve cell membrane
medicine,"""for their discoveries concerning the ionic mechanisms involved in excitation and inhibition in the peripheral and central portions of the nerve cell membrane""",1,159,discoveries concerning ionic mechanisms involved excitation inhibition peripheral central portions nerve cell membrane
medicine,"""for their discoveries concerning the ionic mechanisms involved in excitation and inhibition in the peripheral and central portions of the nerve cell membrane""",1,159,discoveries concerning ionic mechanisms involved excitation inhibition peripheral central portions nerve cell membrane
physics,"""for their discoveries concerning nuclear shell structure""",0,58,discoveries concerning nuclear shell structure
physics,"""for his contributions to the theory of the atomic nucleus and the elementary particles particularly through the discovery and application of fundamental symmetry principles""",0,174,contributions theory atomic nucleus elementary particles particularly discovery application fundamental symmetry principles
peace,"""for the efforts to take care of wounded soldiers and prisoners of war and their families""",2,90,efforts take care wounded soldiers prisoners war families
peace,"""for the great work it has performed during the war on behalf of humanity""",2,74,great work performed war behalf humanity
peace,"""for promoting the principles of the Geneva Convention and cooperation with the UN""",2,83,promoting principles Geneva Convention cooperation UN
peace,"""for promoting the principles of the Geneva Convention and cooperation with the UN""",2,83,promoting principles Geneva Convention cooperation UN
literature,"""for his eminent lyrical writing inspired by a deep feeling for the Hellenic world of culture""",3,94,eminent lyrical writing inspired deep feeling Hellenic world culture
physics,"""for their discoveries concerning nuclear shell structure""",0,58,discoveries concerning nuclear shell structure
chemistry,"""for their discoveries in the field of the chemistry and technology of high polymers""",4,85,discoveries field chemistry technology high polymers
chemistry,"""for their discoveries in the field of the chemistry and technology of high polymers""",4,85,discoveries field chemistry technology high polymers
physics,"""for fundamental work in the field of quantum electronics which has led to the construction of oscillators and amplifiers based on the maser-laser principle""",0,157,fundamental work field quantum electronics led construction oscillators amplifiers based maserlaser principle
literature,"""for his work which rich in ideas and filled with the spirit of freedom and the quest for truth has exerted a far-reaching influence on our age""",3,144,work rich ideas filled spirit freedom quest truth exerted farreaching influence age
peace,"""for his non-violent struggle for civil rights for the Afro-American population""",2,80,nonviolent struggle civil rights AfroAmerican population
physics,"""for fundamental work in the field of quantum electronics which has led to the construction of oscillators and amplifiers based on the maser-laser principle""",0,157,fundamental work field quantum electronics led construction oscillators amplifiers based maserlaser principle
medicine,"""for their discoveries concerning the mechanism and regulation of the cholesterol and fatty acid metabolism""",1,108,discoveries concerning mechanism regulation cholesterol fatty acid metabolism
physics,"""for fundamental work in the field of quantum electronics which has led to the construction of oscillators and amplifiers based on the maser-laser principle""",0,157,fundamental work field quantum electronics led construction oscillators amplifiers based maserlaser principle
medicine,"""for their discoveries concerning the mechanism and regulation of the cholesterol and fatty acid metabolism""",1,108,discoveries concerning mechanism regulation cholesterol fatty acid metabolism
chemistry,"""for her determinations by X-ray techniques of the structures of important biochemical substances""",4,98,determinations Xray techniques structures important biochemical substances
chemistry,"""for his outstanding achievements in the art of organic synthesis""",4,66,outstanding achievements art organic synthesis
medicine,"""for their discoveries concerning genetic control of enzyme and virus synthesis""",1,80,discoveries concerning genetic control enzyme virus synthesis
medicine,"""for their discoveries concerning genetic control of enzyme and virus synthesis""",1,80,discoveries concerning genetic control enzyme virus synthesis
medicine,"""for their discoveries concerning genetic control of enzyme and virus synthesis""",1,80,discoveries concerning genetic control enzyme virus synthesis
peace,"""for its effort to enhance solidarity between nations and reduce the difference between rich and poor states""",2,109,effort enhance solidarity nations reduce difference rich poor states
physics,"""for their fundamental work in quantum electrodynamics with deep-ploughing consequences for the physics of elementary particles""",0,128,fundamental work quantum electrodynamics deepploughing consequences physics elementary particles
literature,"""for the artistic power and integrity with which in his epic of the Don he has given expression to a historic phase in the life of the Russian people""",3,150,artistic power integrity epic given expression historic phase life Russian people
physics,"""for their fundamental work in quantum electrodynamics with deep-ploughing consequences for the physics of elementary particles""",0,128,fundamental work quantum electrodynamics deepploughing consequences physics elementary particles
physics,"""for their fundamental work in quantum electrodynamics with deep-ploughing consequences for the physics of elementary particles""",0,128,fundamental work quantum electrodynamics deepploughing consequences physics elementary particles
medicine,"""for his discoveries concerning hormonal treatment of prostatic cancer""",1,71,discoveries concerning hormonal treatment prostatic cancer
literature,"""for his profoundly characteristic narrative art with motifs from the life of the Jewish people""",3,96,profoundly characteristic narrative art motifs life Jewish people
chemistry,"""for his fundamental work concerning chemical bonds and the electronic structure of molecules by the molecular orbital method""",4,126,fundamental work concerning chemical bonds electronic structure molecules molecular orbital method
medicine,"""for his discovery of tumour-inducing viruses""",1,46,discovery tumourinducing viruses
literature,"""for her outstanding lyrical and dramatic writing which interprets Israel's destiny with touching strength""",3,107,outstanding lyrical dramatic writing interprets Israels destiny touching strength
physics,"""for the discovery and development of optical methods for studying Hertzian resonances in atoms""",0,96,discovery development optical methods studying Hertzian resonances atoms
medicine,"""for their discoveries concerning the primary physiological and chemical visual processes in the eye""",1,101,discoveries concerning primary physiological chemical visual processes eye
medicine,"""for their discoveries concerning the primary physiological and chemical visual processes in the eye""",1,101,discoveries concerning primary physiological chemical visual processes eye
chemistry,"""for their studies of extremely fast chemical reactions effected by disturbing the equilibrium by means of very short pulses of energy""",4,135,studies extremely fast chemical reactions effected disturbing equilibrium means short pulses energy
literature,"""for his vivid literary achievement deep-rooted in the national traits and traditions of Indian peoples of Latin America""",3,121,vivid literary achievement deeprooted national traits traditions Indian peoples Latin America
chemistry,"""for their studies of extremely fast chemical reactions effected by disturbing the equilibrium by means of very short pulses of energy""",4,135,studies extremely fast chemical reactions effected disturbing equilibrium means short pulses energy
chemistry,"""for their studies of extremely fast chemical reactions effected by disturbing the equilibrium by means of very short pulses of energy""",4,135,studies extremely fast chemical reactions effected disturbing equilibrium means short pulses energy
medicine,"""for their discoveries concerning the primary physiological and chemical visual processes in the eye""",1,101,discoveries concerning primary physiological chemical visual processes eye
physics,"""for his contributions to the theory of nuclear reactions especially his discoveries concerning the energy production in stars""",0,127,contributions theory nuclear reactions especially discoveries concerning energy production stars
medicine,"""for their interpretation of the genetic code and its function in protein synthesis""",1,84,interpretation genetic code function protein synthesis
medicine,"""for their interpretation of the genetic code and its function in protein synthesis""",1,84,interpretation genetic code function protein synthesis
chemistry,"""for the discovery of the reciprocal relations bearing his name which are fundamental for the thermodynamics of irreversible processes""",4,135,discovery reciprocal relations bearing name fundamental thermodynamics irreversible processes
peace,"""for his struggle to ensure the rights of man as stipulated in the UN Declaration""",2,82,struggle ensure rights man stipulated UN Declaration
medicine,"""for their interpretation of the genetic code and its function in protein synthesis""",1,84,interpretation genetic code function protein synthesis
physics,"""for his decisive contributions to elementary particle physics in particular the discovery of a large number of resonance states made possible through his development of the technique of using hydrogen bubble chamber and data analysis""",0,235,decisive contributions elementary particle physics particular discovery large number resonance states made possible development technique using hydrogen bubble chamber data analysis
literature,"""for his narrative mastery which with great sensibility expresses the essence of the Japanese mind""",3,99,narrative mastery great sensibility expresses essence Japanese mind
chemistry,"""for their contributions to the development of the concept of conformation and its application in chemistry""",4,108,contributions development concept conformation application chemistry
literature,"""for his writing which - in new forms for the novel and drama - in the destitution of modern man acquires its elevation""",3,120,writing new forms novel drama destitution modern man acquires elevation
economics,"""for having developed and applied dynamic models for the analysis of economic processes""",5,88,developed applied dynamic models analysis economic processes
physics,"""for his contributions and discoveries concerning the classification of elementary particles and their interactions""",0,116,contributions discoveries concerning classification elementary particles interactions
economics,"""for having developed and applied dynamic models for the analysis of economic processes""",5,88,developed applied dynamic models analysis economic processes
peace,"""for creating international legislation insuring certain norms for working conditions in every country""",2,103,creating international legislation insuring certain norms working conditions every country
medicine,"""for their discoveries concerning the replication mechanism and the genetic structure of viruses""",1,97,discoveries concerning replication mechanism genetic structure viruses
medicine,"""for their discoveries concerning the replication mechanism and the genetic structure of viruses""",1,97,discoveries concerning replication mechanism genetic structure viruses
medicine,"""for their discoveries concerning the replication mechanism and the genetic structure of viruses""",1,97,discoveries concerning replication mechanism genetic structure viruses
chemistry,"""for their contributions to the development of the concept of conformation and its application in chemistry""",4,108,contributions development concept conformation application chemistry
physics,"""for fundamental work and discoveries in magnetohydro-dynamics with fruitful applications in different parts of plasma physics""",0,127,fundamental work discoveries magnetohydrodynamics fruitful applications different parts plasma physics
physics,"""for fundamental work and discoveries concerning antiferromagnetism and ferrimagnetism which have led to important applications in solid state physics""",0,151,fundamental work discoveries concerning antiferromagnetism ferrimagnetism led important applications solid state physics
peace,"""for having given a well-founded hope - the green revolution""",2,61,given wellfounded hope green revolution
chemistry,"""for his discovery of sugar nucleotides and their role in the biosynthesis of carbohydrates""",4,92,discovery sugar nucleotides role biosynthesis carbohydrates
literature,"""for the ethical force with which he has pursued the indispensable traditions of Russian literature""",3,100,ethical force pursued indispensable traditions Russian literature
economics,"""for the scientific work through which he has developed static and dynamic economic theory and actively contributed to raising the level of analysis in economic science""",5,169,scientific work developed static dynamic economic theory actively contributed raising level analysis economic science
medicine,"""for their discoveries concerning the humoral transmitters in the nerve terminals and the mechanism for their storage release and inactivation""",1,143,discoveries concerning humoral transmitters nerve terminals mechanism storage release inactivation
medicine,"""for their discoveries concerning the humoral transmitters in the nerve terminals and the mechanism for their storage release and inactivation""",1,143,discoveries concerning humoral transmitters nerve terminals mechanism storage release inactivation
medicine,"""for their discoveries concerning the humoral transmitters in the nerve terminals and the mechanism for their storage release and inactivation""",1,143,discoveries concerning humoral transmitters nerve terminals mechanism storage release inactivation
peace,"""for paving the way for a meaningful dialogue between East and West""",2,68,paving way meaningful dialogue East West
physics,"""for his invention and development of the holographic method""",0,61,invention development holographic method
economics,"""for his empirically founded interpretation of economic growth which has led to new and deepened insight into the economic and social structure and process of development""",5,171,empirically founded interpretation economic growth led new deepened insight economic social structure process development
chemistry,"""for his contributions to the knowledge of electronic structure and geometry of molecules particularly free radicals""",4,117,contributions knowledge electronic structure geometry molecules particularly free radicals
medicine,"""for his discoveries concerning the mechanisms of the action of hormones""",1,73,discoveries concerning mechanisms action hormones
literature,"""for a poetry that with the action of an elemental force brings alive a continent's destiny and dreams""",3,103,poetry action elemental force brings alive continents destiny dreams
literature,"""for his writing which through its combination of a broad perspective on his time and a sensitive skill in characterization has contributed to a renewal of German literature""",3,174,writing combination broad perspective time sensitive skill characterization contributed renewal German literature
medicine,"""for their discoveries concerning the chemical structure of antibodies""",1,71,discoveries concerning chemical structure antibodies
physics,"""for their jointly developed theory of superconductivity usually called the BCS-theory""",0,87,jointly developed theory superconductivity usually called BCStheory
chemistry,"""for their contribution to the understanding of the connection between chemical structure and catalytic activity of the active centre of the ribonuclease molecule""",4,163,contribution understanding connection chemical structure catalytic activity active centre ribonuclease molecule
chemistry,"""for his work on ribonuclease especially concerning the connection between the amino acid sequence and the biologically active conformation""",4,140,work ribonuclease especially concerning connection amino acid sequence biologically active conformation
chemistry,"""for their contribution to the understanding of the connection between chemical structure and catalytic activity of the active centre of the ribonuclease molecule""",4,163,contribution understanding connection chemical structure catalytic activity active centre ribonuclease molecule
physics,"""for their researches on semiconductors and their discovery of the transistor effect""",0,85,researches semiconductors discovery transistor effect
physics,"""for their jointly developed theory of superconductivity usually called the BCS-theory""",0,87,jointly developed theory superconductivity usually called BCStheory
economics,"""for their pioneering contributions to general economic equilibrium theory and welfare theory""",5,94,pioneering contributions general economic equilibrium theory welfare theory
economics,"""for their pioneering contributions to general economic equilibrium theory and welfare theory""",5,94,pioneering contributions general economic equilibrium theory welfare theory
physics,"""for their jointly developed theory of superconductivity usually called the BCS-theory""",0,87,jointly developed theory superconductivity usually called BCStheory
medicine,"""for their discoveries concerning the chemical structure of antibodies""",1,71,discoveries concerning chemical structure antibodies
physics,"""for his theoretical predictions of the properties of a supercurrent through a tunnel barrier in particular those phenomena which are generally known as the Josephson effects""",0,175,theoretical predictions properties supercurrent tunnel barrier particular phenomena generally known Josephson effects
chemistry,"""for their pioneering work performed independently on the chemistry of the organometallic so called sandwich compounds""",4,119,pioneering work performed independently chemistry organometallic called sandwich compounds
chemistry,"""for their pioneering work performed independently on the chemistry of the organometallic so called sandwich compounds""",4,119,pioneering work performed independently chemistry organometallic called sandwich compounds
peace,"""for jointly having negotiated a cease fire in Vietnam in 1973""",2,63,jointly negotiated cease fire Vietnam 1973
economics,"""for the development of the input-output method and for its application to important economic problems""",5,103,development inputoutput method application important economic problems
medicine,"""for their discoveries concerning organization and elicitation of individual and social behaviour patterns""",1,107,discoveries concerning organization elicitation individual social behaviour patterns
physics,"""for their experimental discoveries regarding tunneling phenomena in semiconductors and superconductors respectively""",0,117,experimental discoveries regarding tunneling phenomena semiconductors superconductors respectively
physics,"""for their experimental discoveries regarding tunneling phenomena in semiconductors and superconductors respectively""",0,117,experimental discoveries regarding tunneling phenomena semiconductors superconductors respectively
medicine,"""for their discoveries concerning organization and elicitation of individual and social behaviour patterns""",1,107,discoveries concerning organization elicitation individual social behaviour patterns
literature,"""for an epic and psychological narrative art which has introduced a new continent into literature""",3,98,epic psychological narrative art introduced new continent literature
peace,"""for jointly having negotiated a cease fire in Vietnam in 1973""",2,63,jointly negotiated cease fire Vietnam 1973
medicine,"""for their discoveries concerning organization and elicitation of individual and social behaviour patterns""",1,107,discoveries concerning organization elicitation individual social behaviour patterns
chemistry,"""for his fundamental achievements both theoretical and experimental in the physical chemistry of the macromolecules""",4,116,fundamental achievements theoretical experimental physical chemistry macromolecules
literature,"""for a narrative art far-seeing in lands and ages in the service of freedom""",3,76,narrative art farseeing lands ages service freedom
economics,"""for their pioneering work in the theory of money and economic fluctuations and for their penetrating analysis of the interdependence of economic social and institutional phenomena""",5,181,pioneering work theory money economic fluctuations penetrating analysis interdependence economic social institutional phenomena
literature,"""for writings that catch the dewdrop and reflect the cosmos""",3,60,writings catch dewdrop reflect cosmos
medicine,"""for their discoveries concerning the structural and functional organization of the cell""",1,89,discoveries concerning structural functional organization cell
physics,"""for their pioneering research in radio astrophysics: Ryle for his observations and inventions in particular of the aperture synthesis technique and Hewish for his decisive role in the discovery of pulsars""",0,206,pioneering research radio astrophysics Ryle observations inventions particular aperture synthesis technique Hewish decisive role discovery pulsars
physics,"""for their pioneering research in radio astrophysics: Ryle for his observations and inventions in particular of the aperture synthesis technique and Hewish for his decisive role in the discovery of pulsars""",0,206,pioneering research radio astrophysics Ryle observations inventions particular aperture synthesis technique Hewish decisive role discovery pulsars
medicine,"""for their discoveries concerning the structural and functional organization of the cell""",1,89,discoveries concerning structural functional organization cell
peace,"""for his contribution to stabilize conditions in the Pacific rim area and for signing the Nuclear Non-Proliferation Treaty""",2,123,contribution stabilize conditions Pacific rim area signing Nuclear NonProliferation Treaty
peace,"""for his efforts to secure and develop human rights throughout the world""",2,73,efforts secure develop human rights throughout world
economics,"""for their pioneering work in the theory of money and economic fluctuations and for their penetrating analysis of the interdependence of economic social and institutional phenomena""",5,181,pioneering work theory money economic fluctuations penetrating analysis interdependence economic social institutional phenomena
medicine,"""for their discoveries concerning the structural and functional organization of the cell""",1,89,discoveries concerning structural functional organization cell
chemistry,"""for his work on the stereochemistry of enzyme-catalyzed reactions""",4,67,work stereochemistry enzymecatalyzed reactions
chemistry,"""for his research into the stereochemistry of organic molecules and reactions""",4,78,research stereochemistry organic molecules reactions
medicine,"""for their discoveries concerning the interaction between tumour viruses and the genetic material of the cell""",1,110,discoveries concerning interaction tumour viruses genetic material cell
physics,"""for the discovery of the connection between collective motion and particle motion in atomic nuclei and the development of the theory of the structure of the atomic nucleus based on this connection""",0,198,discovery connection collective motion particle motion atomic nuclei development theory structure atomic nucleus based connection
physics,"""for the discovery of the connection between collective motion and particle motion in atomic nuclei and the development of the theory of the structure of the atomic nucleus based on this connection""",0,198,discovery connection collective motion particle motion atomic nuclei development theory structure atomic nucleus based connection
physics,"""for the discovery of the connection between collective motion and particle motion in atomic nuclei and the development of the theory of the structure of the atomic nucleus based on this connection""",0,198,discovery connection collective motion particle motion atomic nuclei development theory structure atomic nucleus based connection
economics,"""for their contributions to the theory of optimum allocation of resources""",5,74,contributions theory optimum allocation resources
economics,"""for their contributions to the theory of optimum allocation of resources""",5,74,contributions theory optimum allocation resources
literature,"""for his distinctive poetry which with great artistic sensitivity has interpreted human values under the sign of an outlook on life with no illusions""",3,150,distinctive poetry great artistic sensitivity interpreted human values sign outlook life illusions
medicine,"""for their discoveries concerning the interaction between tumour viruses and the genetic material of the cell""",1,110,discoveries concerning interaction tumour viruses genetic material cell
medicine,"""for their discoveries concerning the interaction between tumour viruses and the genetic material of the cell""",1,110,discoveries concerning interaction tumour viruses genetic material cell
peace,"""for his struggle for human rights in the Soviet Union for disarmament and cooperation between all nations""",2,107,struggle human rights Soviet Union disarmament cooperation nations
economics,"""for his achievements in the fields of consumption analysis monetary history and theory and for his demonstration of the complexity of stabilization policy""",5,156,achievements fields consumption analysis monetary history theory demonstration complexity stabilization policy
chemistry,"""for his studies on the structure of boranes illuminating problems of chemical bonding""",4,87,studies structure boranes illuminating problems chemical bonding
peace,"""for the courageous efforts in founding a movement to put an end to the violent conflict in Northern Ireland""",2,109,courageous efforts founding movement put end violent conflict Northern Ireland
physics,"""for their pioneering work in the discovery of a heavy elementary particle of a new kind""",0,89,pioneering work discovery heavy elementary particle new kind
physics,"""for their pioneering work in the discovery of a heavy elementary particle of a new kind""",0,89,pioneering work discovery heavy elementary particle new kind
medicine,"""for their discoveries concerning new mechanisms for the origin and dissemination of infectious diseases""",1,105,discoveries concerning new mechanisms origin dissemination infectious diseases
medicine,"""for their discoveries concerning new mechanisms for the origin and dissemination of infectious diseases""",1,105,discoveries concerning new mechanisms origin dissemination infectious diseases
peace,"""for the courageous efforts in founding a movement to put an end to the violent conflict in Northern Ireland""",2,109,courageous efforts founding movement put end violent conflict Northern Ireland
literature,"""for the human understanding and subtle analysis of contemporary culture that are combined in his work""",3,103,human understanding subtle analysis contemporary culture combined work
physics,"""for their fundamental theoretical investigations of the electronic structure of magnetic and disordered systems""",0,113,fundamental theoretical investigations electronic structure magnetic disordered systems
economics,"""for their pathbreaking contribution to the theory of international trade and international capital movements""",5,110,pathbreaking contribution theory international trade international capital movements
economics,"""for their pathbreaking contribution to the theory of international trade and international capital movements""",5,110,pathbreaking contribution theory international trade international capital movements
physics,"""for their fundamental theoretical investigations of the electronic structure of magnetic and disordered systems""",0,113,fundamental theoretical investigations electronic structure magnetic disordered systems
physics,"""for their fundamental theoretical investigations of the electronic structure of magnetic and disordered systems""",0,113,fundamental theoretical investigations electronic structure magnetic disordered systems
medicine,"""for their discoveries concerning the peptide hormone production of the brain""",1,78,discoveries concerning peptide hormone production brain
medicine,"""for the development of radioimmunoassays of peptide hormones""",1,62,development radioimmunoassays peptide hormones
chemistry,"""for his contributions to non-equilibrium thermodynamics particularly the theory of dissipative structures""",4,107,contributions nonequilibrium thermodynamics particularly theory dissipative structures
medicine,"""for their discoveries concerning the peptide hormone production of the brain""",1,78,discoveries concerning peptide hormone production brain
peace,"""for worldwide respect for human rights""",2,40,worldwide respect human rights
literature,"""for a creative poetic writing which illuminates man's condition in the cosmos and in present-day society at the same time representing the great renewal of the traditions of Spanish poetry between the wars""",3,207,creative poetic writing illuminates mans condition cosmos presentday society time representing great renewal traditions Spanish poetry wars
peace,"""for jointly having negotiated peace between Egypt and Israel in 1978""",2,70,jointly negotiated peace Egypt Israel 1978
peace,"""for jointly having negotiated peace between Egypt and Israel in 1978""",2,70,jointly negotiated peace Egypt Israel 1978
physics,"""for their discovery of cosmic microwave background radiation""",0,62,discovery cosmic microwave background radiation
medicine,"""for the discovery of restriction enzymes and their application to problems of molecular genetics""",1,98,discovery restriction enzymes application problems molecular genetics
medicine,"""for the discovery of restriction enzymes and their application to problems of molecular genetics""",1,98,discovery restriction enzymes application problems molecular genetics
medicine,"""for the discovery of restriction enzymes and their application to problems of molecular genetics""",1,98,discovery restriction enzymes application problems molecular genetics
physics,"""for their discovery of cosmic microwave background radiation""",0,62,discovery cosmic microwave background radiation
literature,"""for his impassioned narrative art which with roots in a Polish-Jewish cultural tradition brings universal human conditions to life""",3,132,impassioned narrative art roots PolishJewish cultural tradition brings universal human conditions life
economics,"""for his pioneering research into the decision-making process within economic organizations""",5,92,pioneering research decisionmaking process within economic organizations
physics,"""for his basic inventions and discoveries in the area of low-temperature physics""",0,81,basic inventions discoveries area lowtemperature physics
chemistry,"""for his contribution to the understanding of biological energy transfer through the formulation of the chemiosmotic theory""",4,124,contribution understanding biological energy transfer formulation chemiosmotic theory
chemistry,"""for their development of the use of boron- and phosphorus-containing compounds respectively into important reagents in organic synthesis""",4,138,development use boron phosphoruscontaining compounds respectively important reagents organic synthesis
economics,"""for their pioneering research into economic development research with particular consideration of the problems of developing countries""",5,136,pioneering research economic development research particular consideration problems developing countries
economics,"""for their pioneering research into economic development research with particular consideration of the problems of developing countries""",5,136,pioneering research economic development research particular consideration problems developing countries
peace,"""for her work for bringing help to suffering humanity""",2,54,work bringing help suffering humanity
chemistry,"""for their development of the use of boron- and phosphorus-containing compounds respectively into important reagents in organic synthesis""",4,138,development use boron phosphoruscontaining compounds respectively important reagents organic synthesis
physics,"""for their contributions to the theory of the unified weak and electromagnetic interaction between elementary particles including inter alia the prediction of the weak neutral current""",0,184,contributions theory unified weak electromagnetic interaction elementary particles including inter alia prediction weak neutral current
physics,"""for their contributions to the theory of the unified weak and electromagnetic interaction between elementary particles including inter alia the prediction of the weak neutral current""",0,184,contributions theory unified weak electromagnetic interaction elementary particles including inter alia prediction weak neutral current
medicine,"""for the development of computer assisted tomography""",1,53,development computer assisted tomography
medicine,"""for the development of computer assisted tomography""",1,53,development computer assisted tomography
literature,"""for his poetry which against the background of Greek tradition depicts with sensuous strength and intellectual clear-sightedness modern man's struggle for freedom and creativeness""",3,181,poetry background Greek tradition depicts sensuous strength intellectual clearsightedness modern mans struggle freedom creativeness
physics,"""for their contributions to the theory of the unified weak and electromagnetic interaction between elementary particles including inter alia the prediction of the weak neutral current""",0,184,contributions theory unified weak electromagnetic interaction elementary particles including inter alia prediction weak neutral current
chemistry,"""for his work on the structure of proteins especially that of insulin""",4,70,work structure proteins especially insulin
chemistry,"""for their contributions concerning the determination of base sequences in nucleic acids""",4,89,contributions concerning determination base sequences nucleic acids
medicine,"""for their discoveries concerning genetically determined structures on the cell surface that regulate immunological reactions""",1,126,discoveries concerning genetically determined structures cell surface regulate immunological reactions
medicine,"""for their discoveries concerning genetically determined structures on the cell surface that regulate immunological reactions""",1,126,discoveries concerning genetically determined structures cell surface regulate immunological reactions
economics,"""for the creation of econometric models and the application to the analysis of economic fluctuations and economic policies""",5,123,creation econometric models application analysis economic fluctuations economic policies
chemistry,"""for his fundamental studies of the biochemistry of nucleic acids with particular regard to recombinant-DNA""",4,108,fundamental studies biochemistry nucleic acids particular regard recombinantDNA
peace,"""for being a source of inspiration to repressed people especially in Latin America""",2,83,source inspiration repressed people especially Latin America
chemistry,"""for their contributions concerning the determination of base sequences in nucleic acids""",4,89,contributions concerning determination base sequences nucleic acids
physics,"""for the discovery of violations of fundamental symmetry principles in the decay of neutral K-mesons""",0,101,discovery violations fundamental symmetry principles decay neutral Kmesons
physics,"""for the discovery of violations of fundamental symmetry principles in the decay of neutral K-mesons""",0,101,discovery violations fundamental symmetry principles decay neutral Kmesons
literature,"""who with uncompromising clear-sightedness voices man's exposed condition in a world of severe conflicts""",3,105,uncompromising clearsightedness voices mans exposed condition world severe conflicts
medicine,"""for their discoveries concerning genetically determined structures on the cell surface that regulate immunological reactions""",1,126,discoveries concerning genetically determined structures cell surface regulate immunological reactions
economics,"""for his analysis of financial markets and their relations to expenditure decisions employment production and prices""",5,117,analysis financial markets relations expenditure decisions employment production prices
literature,"""for writings marked by a broad outlook a wealth of ideas and artistic power""",3,77,writings marked broad outlook wealth ideas artistic power
medicine,"""for their discoveries concerning information processing in the visual system""",1,78,discoveries concerning information processing visual system
physics,"""for their contribution to the development of laser spectroscopy""",0,65,contribution development laser spectroscopy
peace,"""for its efforts to heal the wounds of war by providing help and protection to refugees all over the world""",2,107,efforts heal wounds war providing help protection refugees world
peace,"""for promoting the fundamental rights of refugees""",2,50,promoting fundamental rights refugees
medicine,"""for his discoveries concerning the functional specialization of the cerebral hemispheres""",1,90,discoveries concerning functional specialization cerebral hemispheres
chemistry,"""for their theories developed independently concerning the course of chemical reactions""",4,88,theories developed independently concerning course chemical reactions
chemistry,"""for their theories developed independently concerning the course of chemical reactions""",4,88,theories developed independently concerning course chemical reactions
medicine,"""for their discoveries concerning information processing in the visual system""",1,78,discoveries concerning information processing visual system
physics,"""for their contribution to the development of laser spectroscopy""",0,65,contribution development laser spectroscopy
physics,"""for his contribution to the development of high-resolution electron spectroscopy""",0,82,contribution development highresolution electron spectroscopy
economics,"""for his seminal studies of industrial structures functioning of markets and causes and effects of public regulation""",5,117,seminal studies industrial structures functioning markets causes effects public regulation
peace,"""for their work for disarmament and nuclear and weapon-free zones""",2,66,work disarmament nuclear weaponfree zones
literature,"""for his novels and short stories in which the fantastic and the realistic are combined in a richly composed world of imagination reflecting a continent's life and conflicts""",3,174,novels short stories fantastic realistic combined richly composed world imagination reflecting continents life conflicts
medicine,"""for their discoveries concerning prostaglandins and related biologically active substances""",1,92,discoveries concerning prostaglandins related biologically active substances
chemistry,"""for his development of crystallographic electron microscopy and his structural elucidation of biologically important nucleic acid-protein complexes""",4,149,development crystallographic electron microscopy structural elucidation biologically important nucleic acidprotein complexes
medicine,"""for their discoveries concerning prostaglandins and related biologically active substances""",1,92,discoveries concerning prostaglandins related biologically active substances
physics,"""for his theory for critical phenomena in connection with phase transitions""",0,76,theory critical phenomena connection phase transitions
peace,"""for their work for disarmament and nuclear and weapon-free zones""",2,66,work disarmament nuclear weaponfree zones
medicine,"""for their discoveries concerning prostaglandins and related biologically active substances""",1,92,discoveries concerning prostaglandins related biologically active substances
peace,"""for non-violent struggle for free trade unions and human rights in Poland""",2,75,nonviolent struggle free trade unions human rights Poland
chemistry,"""for his work on the mechanisms of electron transfer reactions especially in metal complexes""",4,93,work mechanisms electron transfer reactions especially metal complexes
medicine,"""for her discovery of mobile genetic elements""",1,46,discovery mobile genetic elements
economics,"""for having incorporated new analytical methods into economic theory and for his rigorous reformulation of the theory of general equilibrium""",5,141,incorporated new analytical methods economic theory rigorous reformulation theory general equilibrium
literature,"""for his novels which with the perspicuity of realistic narrative art and the diversity and universality of myth illuminate the human condition in the world of today""",3,166,novels perspicuity realistic narrative art diversity universality myth illuminate human condition world today
physics,"""for his theoretical and experimental studies of the nuclear reactions of importance in the formation of the chemical elements in the universe""",0,143,theoretical experimental studies nuclear reactions importance formation chemical elements universe
physics,"""for his theoretical studies of the physical processes of importance to the structure and evolution of the stars""",0,113,theoretical studies physical processes importance structure evolution stars
medicine,"""for theories concerning the specificity in development and control of the immune system and the discovery of the principle for production of monoclonal antibodies""",1,164,theories concerning specificity development control immune system discovery principle production monoclonal antibodies
medicine,"""for theories concerning the specificity in development and control of the immune system and the discovery of the principle for production of monoclonal antibodies""",1,164,theories concerning specificity development control immune system discovery principle production monoclonal antibodies
medicine,"""for theories concerning the specificity in development and control of the immune system and the discovery of the principle for production of monoclonal antibodies""",1,164,theories concerning specificity development control immune system discovery principle production monoclonal antibodies
literature,"""for his poetry which endowed with freshness sensuality and rich inventiveness provides a liberating image of the indomitable spirit and versatility of man""",3,156,poetry endowed freshness sensuality rich inventiveness provides liberating image indomitable spirit versatility man
peace,"""for his role as a unifying leader figure in the non-violent campaign to resolve the problem of apartheid in South Africa""",2,122,role unifying leader figure nonviolent campaign resolve problem apartheid South Africa
chemistry,"""for his development of methodology for chemical synthesis on a solid matrix""",4,77,development methodology chemical synthesis solid matrix
physics,"""for their decisive contributions to the large project which led to the discovery of the field particles W and Z communicators of weak interaction""",0,147,decisive contributions large project led discovery field particles W Z communicators weak interaction
physics,"""for their decisive contributions to the large project which led to the discovery of the field particles W and Z communicators of weak interaction""",0,147,decisive contributions large project led discovery field particles W Z communicators weak interaction
economics,"""for having made fundamental contributions to the development of systems of national accounts and hence greatly improved the basis for empirical economic analysis""",5,163,made fundamental contributions development systems national accounts hence greatly improved basis empirical economic analysis
peace,"""for spreading authoritative information and by creating awareness of the catastrophic consequences of nuclear war""",2,115,spreading authoritative information creating awareness catastrophic consequences nuclear war
physics,"""for the discovery of the quantized Hall effect""",0,48,discovery quantized Hall effect
medicine,"""for their discoveries concerning the regulation of cholesterol metabolism""",1,75,discoveries concerning regulation cholesterol metabolism
medicine,"""for their discoveries concerning the regulation of cholesterol metabolism""",1,75,discoveries concerning regulation cholesterol metabolism
chemistry,"""for their outstanding achievements in the development of direct methods for the determination of crystal structures""",4,117,outstanding achievements development direct methods determination crystal structures
chemistry,"""for their outstanding achievements in the development of direct methods for the determination of crystal structures""",4,117,outstanding achievements development direct methods determination crystal structures
literature,"""who in his novel combines the poet's and the painter's creativeness with a deepened awareness of time in the depiction of the human condition""",3,143,novel combines poets painters creativeness deepened awareness time depiction human condition
economics,"""for his pioneering analyses of saving and of financial markets""",5,64,pioneering analyses saving financial markets
chemistry,"""for their contributions concerning the dynamics of chemical elementary processes""",4,82,contributions concerning dynamics chemical elementary processes
chemistry,"""for their contributions concerning the dynamics of chemical elementary processes""",4,82,contributions concerning dynamics chemical elementary processes
physics,"""for their design of the scanning tunneling microscope""",0,55,design scanning tunneling microscope
physics,"""for their design of the scanning tunneling microscope""",0,55,design scanning tunneling microscope
physics,"""for his fundamental work in electron optics and for the design of the first electron microscope""",0,97,fundamental work electron optics design first electron microscope
chemistry,"""for their contributions concerning the dynamics of chemical elementary processes""",4,82,contributions concerning dynamics chemical elementary processes
medicine,"""for their discoveries of growth factors""",1,41,discoveries growth factors
medicine,"""for their discoveries of growth factors""",1,41,discoveries growth factors
peace,"""for being a messenger to mankind: his message is one of peace atonement and dignity""",2,85,messenger mankind message one peace atonement dignity
literature,"""who in a wide cultural perspective and with poetic overtones fashions the drama of existence""",3,94,wide cultural perspective poetic overtones fashions drama existence
economics,"""for his development of the contractual and constitutional bases for the theory of economic and political decision-making""",5,122,development contractual constitutional bases theory economic political decisionmaking
chemistry,"""for their development and use of molecules with structure-specific interactions of high selectivity""",4,101,development use molecules structurespecific interactions high selectivity
literature,"""for an all-embracing authorship imbued with clarity of thought and poetic intensity""",3,85,allembracing authorship imbued clarity thought poetic intensity
physics,"""for their important break-through in the discovery of superconductivity in ceramic materials""",0,94,important breakthrough discovery superconductivity ceramic materials
chemistry,"""for their development and use of molecules with structure-specific interactions of high selectivity""",4,101,development use molecules structurespecific interactions high selectivity
physics,"""for their important break-through in the discovery of superconductivity in ceramic materials""",0,94,important breakthrough discovery superconductivity ceramic materials
medicine,"""for his discovery of the genetic principle for generation of antibody diversity""",1,81,discovery genetic principle generation antibody diversity
economics,"""for his contributions to the theory of economic growth""",5,56,contributions theory economic growth
peace,"""for his work for lasting peace in Central America""",2,51,work lasting peace Central America
chemistry,"""for their development and use of molecules with structure-specific interactions of high selectivity""",4,101,development use molecules structurespecific interactions high selectivity
peace,"""for preventing armed clashes and creating conditions for negotiations""",2,71,preventing armed clashes creating conditions negotiations
physics,"""for the neutrino beam method and the demonstration of the doublet structure of the leptons through the discovery of the muon neutrino""",0,135,neutrino beam method demonstration doublet structure leptons discovery muon neutrino
physics,"""for the neutrino beam method and the demonstration of the doublet structure of the leptons through the discovery of the muon neutrino""",0,135,neutrino beam method demonstration doublet structure leptons discovery muon neutrino
physics,"""for the neutrino beam method and the demonstration of the doublet structure of the leptons through the discovery of the muon neutrino""",0,135,neutrino beam method demonstration doublet structure leptons discovery muon neutrino
medicine,"""for their discoveries of important principles for drug treatment""",1,66,discoveries important principles drug treatment
chemistry,"""for the determination of the three-dimensional structure of a photosynthetic reaction centre""",4,94,determination threedimensional structure photosynthetic reaction centre
chemistry,"""for the determination of the three-dimensional structure of a photosynthetic reaction centre""",4,94,determination threedimensional structure photosynthetic reaction centre
chemistry,"""for the determination of the three-dimensional structure of a photosynthetic reaction centre""",4,94,determination threedimensional structure photosynthetic reaction centre
literature,"""who through works rich in nuance - now clear-sightedly realistic now evocatively ambiguous - has formed an Arabian narrative art that applies to all mankind""",3,158,works rich nuance clearsightedly realistic evocatively ambiguous formed Arabian narrative art applies mankind
medicine,"""for their discoveries of important principles for drug treatment""",1,66,discoveries important principles drug treatment
medicine,"""for their discoveries of important principles for drug treatment""",1,66,discoveries important principles drug treatment
economics,"""for his pioneering contributions to the theory of markets and efficient utilization of resources""",5,98,pioneering contributions theory markets efficient utilization resources
chemistry,"""for their discovery of catalytic properties of RNA""",4,52,discovery catalytic properties RNA
chemistry,"""for their discovery of catalytic properties of RNA""",4,52,discovery catalytic properties RNA
physics,"""for the development of the ion trap technique""",0,47,development ion trap technique
physics,"""for the invention of the separated oscillatory fields method and its use in the hydrogen maser and other atomic clocks""",0,120,invention separated oscillatory fields method use hydrogen maser atomic clocks
medicine,"""for their discovery of the cellular origin of retroviral oncogenes""",1,68,discovery cellular origin retroviral oncogenes
physics,"""for the development of the ion trap technique""",0,47,development ion trap technique
economics,"""for his clarification of the probability theory foundations of econometrics and his analyses of simultaneous economic structures""",5,130,clarification probability theory foundations econometrics analyses simultaneous economic structures
literature,"""for a rich and intensive prose which with restrained compassion forms a challenging vision of man's vulnerability""",3,115,rich intensive prose restrained compassion forms challenging vision mans vulnerability
peace,"""for advocating peaceful solutions based upon tolerance and mutual respect in order to preserve the historical and cultural heritage of his people""",2,147,advocating peaceful solutions based upon tolerance mutual respect order preserve historical cultural heritage people
medicine,"""for their discovery of the cellular origin of retroviral oncogenes""",1,68,discovery cellular origin retroviral oncogenes
literature,"""for impassioned writing with wide horizons characterized by sensuous intelligence and humanistic integrity""",3,108,impassioned writing wide horizons characterized sensuous intelligence humanistic integrity
physics,"""for their pioneering investigations concerning deep inelastic scattering of electrons on protons and bound neutrons which have been of essential importance for the development of the quark model in particle physics""",0,216,pioneering investigations concerning deep inelastic scattering electrons protons bound neutrons essential importance development quark model particle physics
physics,"""for their pioneering investigations concerning deep inelastic scattering of electrons on protons and bound neutrons which have been of essential importance for the development of the quark model in particle physics""",0,216,pioneering investigations concerning deep inelastic scattering electrons protons bound neutrons essential importance development quark model particle physics
physics,"""for their pioneering investigations concerning deep inelastic scattering of electrons on protons and bound neutrons which have been of essential importance for the development of the quark model in particle physics""",0,216,pioneering investigations concerning deep inelastic scattering electrons protons bound neutrons essential importance development quark model particle physics
economics,"""for their pioneering work in the theory of financial economics""",5,64,pioneering work theory financial economics
economics,"""for their pioneering work in the theory of financial economics""",5,64,pioneering work theory financial economics
medicine,"""for their discoveries concerning organ and cell transplantation in the treatment of human disease""",1,99,discoveries concerning organ cell transplantation treatment human disease
peace,"""for the leading role he played in the radical changes in East-West relations""",2,78,leading role played radical changes EastWest relations
medicine,"""for their discoveries concerning organ and cell transplantation in the treatment of human disease""",1,99,discoveries concerning organ cell transplantation treatment human disease
economics,"""for their pioneering work in the theory of financial economics""",5,64,pioneering work theory financial economics
chemistry,"""for his development of the theory and methodology of organic synthesis""",4,72,development theory methodology organic synthesis
economics,"""for his discovery and clarification of the significance of transaction costs and property rights for the institutional structure and functioning of the economy""",5,161,discovery clarification significance transaction costs property rights institutional structure functioning economy
literature,"""who through her magnificent epic writing has - in the words of Alfred Nobel - been of very great benefit to humanity""",3,118,magnificent epic writing words Alfred Nobel great benefit humanity
medicine,"""for their discoveries concerning the function of single ion channels in cells""",1,79,discoveries concerning function single ion channels cells
physics,"""for discovering that methods developed for studying order phenomena in simple systems can be generalized to more complex forms of matter in particular to liquid crystals and polymers""",0,184,discovering methods developed studying order phenomena simple systems generalized complex forms matter particular liquid crystals polymers
peace,"""for her non-violent struggle for democracy and human rights""",2,61,nonviolent struggle democracy human rights
medicine,"""for their discoveries concerning the function of single ion channels in cells""",1,79,discoveries concerning function single ion channels cells
chemistry,"""for his contributions to the development of the methodology of high resolution nuclear magnetic resonance (NMR) spectroscopy""",4,126,contributions development methodology high resolution nuclear magnetic resonance NMR spectroscopy
literature,"""for a poetic oeuvre of great luminosity sustained by a historical vision the outcome of a multicultural commitment""",3,116,poetic oeuvre great luminosity sustained historical vision outcome multicultural commitment
medicine,"""for their discoveries concerning reversible protein phosphorylation as a biological regulatory mechanism""",1,106,discoveries concerning reversible protein phosphorylation biological regulatory mechanism
chemistry,"""for his contributions to the theory of electron transfer reactions in chemical systems""",4,88,contributions theory electron transfer reactions chemical systems
economics,"""for having extended the domain of microeconomic analysis to a wide range of human behaviour and interaction including nonmarket behaviour""",5,139,extended domain microeconomic analysis wide range human behaviour interaction including nonmarket behaviour
peace,"""for her struggle for social justice and ethno-cultural reconciliation based on respect for the rights of indigenous peoples""",2,125,struggle social justice ethnocultural reconciliation based respect rights indigenous peoples
physics,"""for his invention and development of particle detectors in particular the multiwire proportional chamber""",0,106,invention development particle detectors particular multiwire proportional chamber
medicine,"""for their discoveries concerning reversible protein phosphorylation as a biological regulatory mechanism""",1,106,discoveries concerning reversible protein phosphorylation biological regulatory mechanism
physics,"""for the discovery of a new type of pulsar a discovery that has opened up new possibilities for the study of gravitation""",0,121,discovery new type pulsar discovery opened new possibilities study gravitation
physics,"""for the discovery of a new type of pulsar a discovery that has opened up new possibilities for the study of gravitation""",0,121,discovery new type pulsar discovery opened new possibilities study gravitation
literature,"""who in novels characterized by visionary force and poetic import gives life to an essential aspect of American reality""",3,120,novels characterized visionary force poetic import gives life essential aspect American reality
economics,"""for having renewed research in economic history by applying economic theory and quantitative methods in order to explain economic and institutional change""",5,156,renewed research economic history applying economic theory quantitative methods order explain economic institutional change
chemistry,"""for his fundamental contributions to the establishment of oligonucleotide-based site-directed mutagenesis and its development for protein studies""",4,147,fundamental contributions establishment oligonucleotidebased sitedirected mutagenesis development protein studies
medicine,"""for their discoveries of split genes""",1,38,discoveries split genes
medicine,"""for their discoveries of split genes""",1,38,discoveries split genes
chemistry,"""for his invention of the polymerase chain reaction (PCR) method""",4,65,invention polymerase chain reaction PCR method
peace,"""for their work for the peaceful termination of the apartheid regime and for laying the foundations for a new democratic South Africa""",2,134,work peaceful termination apartheid regime laying foundations new democratic South Africa
economics,"""for having renewed research in economic history by applying economic theory and quantitative methods in order to explain economic and institutional change""",5,156,renewed research economic history applying economic theory quantitative methods order explain economic institutional change
peace,"""for their work for the peaceful termination of the apartheid regime and for laying the foundations for a new democratic South Africa""",2,134,work peaceful termination apartheid regime laying foundations new democratic South Africa
medicine,"""for their discovery of G-proteins and the role of these proteins in signal transduction in cells""",1,98,discovery Gproteins role proteins signal transduction cells
medicine,"""for their discovery of G-proteins and the role of these proteins in signal transduction in cells""",1,98,discovery Gproteins role proteins signal transduction cells
chemistry,"""for his contribution to carbocation chemistry""",4,47,contribution carbocation chemistry
physics,"""for the development of neutron spectroscopy""",0,45,development neutron spectroscopy
physics,"""for the development of the neutron diffraction technique""",0,58,development neutron diffraction technique
literature,"""who with poetic force creates an imagined world where life and myth condense to form a disconcerting picture of the human predicament today""",3,141,poetic force creates imagined world life myth condense form disconcerting picture human predicament today
peace,"""for their efforts to create peace in the Middle East""",2,54,efforts create peace Middle East
peace,"""for their efforts to create peace in the Middle East""",2,54,efforts create peace Middle East
peace,"""for their efforts to create peace in the Middle East""",2,54,efforts create peace Middle East
economics,"""for their pioneering analysis of equilibria in the theory of non-cooperative games""",5,84,pioneering analysis equilibria theory noncooperative games
economics,"""for their pioneering analysis of equilibria in the theory of non-cooperative games""",5,84,pioneering analysis equilibria theory noncooperative games
economics,"""for their pioneering analysis of equilibria in the theory of non-cooperative games""",5,84,pioneering analysis equilibria theory noncooperative games
physics,"""for the detection of the neutrino""",0,35,detection neutrino
medicine,"""for their discoveries concerning the genetic control of early embryonic development""",1,85,discoveries concerning genetic control early embryonic development
chemistry,"""for their work in atmospheric chemistry particularly concerning the formation and decomposition of ozone""",4,106,work atmospheric chemistry particularly concerning formation decomposition ozone
chemistry,"""for their work in atmospheric chemistry particularly concerning the formation and decomposition of ozone""",4,106,work atmospheric chemistry particularly concerning formation decomposition ozone
economics,"""for having developed and applied the hypothesis of rational expectations and thereby having transformed macroeconomic analysis and deepened our understanding of economic policy""",5,178,developed applied hypothesis rational expectations thereby transformed macroeconomic analysis deepened understanding economic policy
literature,"""for works of lyrical beauty and ethical depth which exalt everyday miracles and the living past""",3,97,works lyrical beauty ethical depth exalt everyday miracles living past
chemistry,"""for their work in atmospheric chemistry particularly concerning the formation and decomposition of ozone""",4,106,work atmospheric chemistry particularly concerning formation decomposition ozone
medicine,"""for their discoveries concerning the genetic control of early embryonic development""",1,85,discoveries concerning genetic control early embryonic development
peace,"""for their efforts to diminish the part played by nuclear arms in international politics and in the longer run to eliminate such arms""",2,134,efforts diminish part played nuclear arms international politics longer run eliminate arms
peace,"""for their efforts to diminish the part played by nuclear arms in international politics and in the longer run to eliminate such arms""",2,134,efforts diminish part played nuclear arms international politics longer run eliminate arms
physics,"""for the discovery of the tau lepton""",0,37,discovery tau lepton
medicine,"""for their discoveries concerning the genetic control of early embryonic development""",1,85,discoveries concerning genetic control early embryonic development
physics,"""for their discovery of superfluidity in helium-3""",0,50,discovery superfluidity helium3
physics,"""for their discovery of superfluidity in helium-3""",0,50,discovery superfluidity helium3
physics,"""for their discovery of superfluidity in helium-3""",0,50,discovery superfluidity helium3
medicine,"""for their discoveries concerning the specificity of the cell mediated immune defence""",1,86,discoveries concerning specificity cell mediated immune defence
medicine,"""for their discoveries concerning the specificity of the cell mediated immune defence""",1,86,discoveries concerning specificity cell mediated immune defence
chemistry,"""for their discovery of fullerenes""",4,35,discovery fullerenes
literature,"""for poetry that with ironic precision allows the historical and biological context to come to light in fragments of human reality""",3,131,poetry ironic precision allows historical biological context come light fragments human reality
peace,"""for their work towards a just and peaceful solution to the conflict in East Timor""",2,83,work towards peaceful solution conflict East Timor
peace,"""for their work towards a just and peaceful solution to the conflict in East Timor""",2,83,work towards peaceful solution conflict East Timor
chemistry,"""for their discovery of fullerenes""",4,35,discovery fullerenes
economics,"""for their fundamental contributions to the economic theory of incentives under asymmetric information""",5,103,fundamental contributions economic theory incentives asymmetric information
chemistry,"""for their discovery of fullerenes""",4,35,discovery fullerenes
economics,"""for their fundamental contributions to the economic theory of incentives under asymmetric information""",5,103,fundamental contributions economic theory incentives asymmetric information
literature,"""who emulates the jesters of the Middle Ages in scourging authority and upholding the dignity of the downtrodden""",3,113,emulates jesters Middle Ages scourging authority upholding dignity downtrodden
chemistry,"""for their elucidation of the enzymatic mechanism underlying the synthesis of adenosine triphosphate (ATP)""",4,107,elucidation enzymatic mechanism underlying synthesis adenosine triphosphate ATP
chemistry,"""for the first discovery of an ion-transporting enzyme Na+ K+ -ATPase""",4,70,first discovery iontransporting enzyme Na K ATPase
economics,"""for a new method to determine the value of derivatives""",5,56,new method determine value derivatives
medicine,"""for his discovery of Prions - a new biological principle of infection""",1,71,discovery Prions new biological principle infection
physics,"""for development of methods to cool and trap atoms with laser light""",0,68,development methods cool trap atoms laser light
economics,"""for a new method to determine the value of derivatives""",5,56,new method determine value derivatives
physics,"""for development of methods to cool and trap atoms with laser light""",0,68,development methods cool trap atoms laser light
physics,"""for development of methods to cool and trap atoms with laser light""",0,68,development methods cool trap atoms laser light
peace,"""for their work for the banning and clearing of anti-personnel mines""",2,69,work banning clearing antipersonnel mines
peace,"""for their work for the banning and clearing of anti-personnel mines""",2,69,work banning clearing antipersonnel mines
chemistry,"""for their elucidation of the enzymatic mechanism underlying the synthesis of adenosine triphosphate (ATP)""",4,107,elucidation enzymatic mechanism underlying synthesis adenosine triphosphate ATP
economics,"""for his contributions to welfare economics""",5,44,contributions welfare economics
physics,"""for their discovery of a new form of quantum fluid with fractionally charged excitations""",0,90,discovery new form quantum fluid fractionally charged excitations
literature,"""who with parables sustained by imagination compassion and irony continually enables us once again to apprehend an elusory reality""",3,131,parables sustained imagination compassion irony continually enables us apprehend elusory reality
physics,"""for their discovery of a new form of quantum fluid with fractionally charged excitations""",0,90,discovery new form quantum fluid fractionally charged excitations
chemistry,"""for his development of the density-functional theory""",4,54,development densityfunctional theory
medicine,"""for their discoveries concerning nitric oxide as a signalling molecule in the cardiovascular system""",1,101,discoveries concerning nitric oxide signalling molecule cardiovascular system
medicine,"""for their discoveries concerning nitric oxide as a signalling molecule in the cardiovascular system""",1,101,discoveries concerning nitric oxide signalling molecule cardiovascular system
medicine,"""for their discoveries concerning nitric oxide as a signalling molecule in the cardiovascular system""",1,101,discoveries concerning nitric oxide signalling molecule cardiovascular system
chemistry,"""for his development of computational methods in quantum chemistry""",4,67,development computational methods quantum chemistry
peace,"""for their efforts to find a peaceful solution to the conflict in Northern Ireland""",2,83,efforts find peaceful solution conflict Northern Ireland
peace,"""for their efforts to find a peaceful solution to the conflict in Northern Ireland""",2,83,efforts find peaceful solution conflict Northern Ireland
physics,"""for their discovery of a new form of quantum fluid with fractionally charged excitations""",0,90,discovery new form quantum fluid fractionally charged excitations
literature,"""whose frolicsome black fables portray the forgotten face of history""",3,69,whose frolicsome black fables portray forgotten face history
chemistry,"""for his studies of the transition states of chemical reactions using femtosecond spectroscopy""",4,95,studies transition states chemical reactions using femtosecond spectroscopy
peace,"""in recognition of the organisation's pioneering humanitarian work on several continents""",2,89,recognition organisations pioneering humanitarian work several continents
physics,"""for elucidating the quantum structure of electroweak interactions in physics""",0,78,elucidating quantum structure electroweak interactions physics
physics,"""for elucidating the quantum structure of electroweak interactions in physics""",0,78,elucidating quantum structure electroweak interactions physics
economics,"""for his analysis of monetary and fiscal policy under different exchange rate regimes and his analysis of optimum currency areas""",5,129,analysis monetary fiscal policy different exchange rate regimes analysis optimum currency areas
medicine,"""for the discovery that proteins have intrinsic signals that govern their transport and localization in the cell""",1,113,discovery proteins intrinsic signals govern transport localization cell
chemistry,"""for the discovery and development of conductive polymers""",4,58,discovery development conductive polymers
literature,"""for an œuvre of universal validity bitter insights and linguistic ingenuity which has opened new paths for the Chinese novel and drama""",3,136,œuvre universal validity bitter insights linguistic ingenuity opened new paths Chinese novel drama
economics,"""for his development of theory and methods for analyzing discrete choice""",5,73,development theory methods analyzing discrete choice
economics,"""for his development of theory and methods for analyzing selective samples""",5,75,development theory methods analyzing selective samples
chemistry,"""for the discovery and development of conductive polymers""",4,58,discovery development conductive polymers
chemistry,"""for the discovery and development of conductive polymers""",4,58,discovery development conductive polymers
medicine,"""for their discoveries concerning signal transduction in the nervous system""",1,76,discoveries concerning signal transduction nervous system
physics,"""for developing semiconductor heterostructures used in high-speed- and opto-electronics""",0,88,developing semiconductor heterostructures used highspeed optoelectronics
physics,"""for developing semiconductor heterostructures used in high-speed- and opto-electronics""",0,88,developing semiconductor heterostructures used highspeed optoelectronics
peace,"""for his work for democracy and human rights in South Korea and in East Asia in general and for peace and reconciliation with North Korea in particular""",2,152,work democracy human rights South Korea East Asia general peace reconciliation North Korea particular
medicine,"""for their discoveries concerning signal transduction in the nervous system""",1,76,discoveries concerning signal transduction nervous system
medicine,"""for their discoveries concerning signal transduction in the nervous system""",1,76,discoveries concerning signal transduction nervous system
physics,"""for his part in the invention of the integrated circuit""",0,57,part invention integrated circuit
economics,"""for their analyses of markets with asymmetric information""",5,59,analyses markets asymmetric information
peace,"""for their work for a better organized and more peaceful world""",2,63,work better organized peaceful world
peace,"""for their work for a better organized and more peaceful world""",2,63,work better organized peaceful world
literature,"""for having united perceptive narrative and incorruptible scrutiny in works that compel us to see the presence of suppressed histories""",3,135,united perceptive narrative incorruptible scrutiny works compel us see presence suppressed histories
economics,"""for their analyses of markets with asymmetric information""",5,59,analyses markets asymmetric information
economics,"""for their analyses of markets with asymmetric information""",5,59,analyses markets asymmetric information
chemistry,"""for his work on chirally catalysed oxidation reactions""",4,56,work chirally catalysed oxidation reactions
chemistry,"""for the development of click chemistry and bioorthogonal chemistry""",4,68,development click chemistry bioorthogonal chemistry
chemistry,"""for their work on chirally catalysed hydrogenation reactions""",4,62,work chirally catalysed hydrogenation reactions
chemistry,"""for their work on chirally catalysed hydrogenation reactions""",4,62,work chirally catalysed hydrogenation reactions
physics,"""for the achievement of Bose-Einstein condensation in dilute gases of alkali atoms and for early fundamental studies of the properties of the condensates""",0,154,achievement BoseEinstein condensation dilute gases alkali atoms early fundamental studies properties condensates
physics,"""for the achievement of Bose-Einstein condensation in dilute gases of alkali atoms and for early fundamental studies of the properties of the condensates""",0,154,achievement BoseEinstein condensation dilute gases alkali atoms early fundamental studies properties condensates
physics,"""for the achievement of Bose-Einstein condensation in dilute gases of alkali atoms and for early fundamental studies of the properties of the condensates""",0,154,achievement BoseEinstein condensation dilute gases alkali atoms early fundamental studies properties condensates
medicine,"""for their discoveries of key regulators of the cell cycle""",1,59,discoveries key regulators cell cycle
medicine,"""for their discoveries of key regulators of the cell cycle""",1,59,discoveries key regulators cell cycle
medicine,"""for their discoveries of key regulators of the cell cycle""",1,59,discoveries key regulators cell cycle
peace,"""for his decades of untiring effort to find peaceful solutions to international conflicts to advance democracy and human rights and to promote economic and social development""",2,175,decades untiring effort find peaceful solutions international conflicts advance democracy human rights promote economic social development
literature,"""for writing that upholds the fragile experience of the individual against the barbaric arbitrariness of history""",3,113,writing upholds fragile experience individual barbaric arbitrariness history
economics,"""for having integrated insights from psychological research into economic science especially concerning human judgment and decision-making under uncertainty""",5,157,integrated insights psychological research economic science especially concerning human judgment decisionmaking uncertainty
chemistry,"""for his development of nuclear magnetic resonance spectroscopy for determining the three-dimensional structure of biological macromolecules in solution""",4,153,development nuclear magnetic resonance spectroscopy determining threedimensional structure biological macromolecules solution
chemistry,"""for their development of soft desorption ionisation methods for mass spectrometric analyses of biological macromolecules""",4,122,development soft desorption ionisation methods mass spectrometric analyses biological macromolecules
chemistry,"""for their development of soft desorption ionisation methods for mass spectrometric analyses of biological macromolecules""",4,122,development soft desorption ionisation methods mass spectrometric analyses biological macromolecules
economics,"""for having established laboratory experiments as a tool in empirical economic analysis especially in the study of alternative market mechanisms""",5,145,established laboratory experiments tool empirical economic analysis especially study alternative market mechanisms
physics,"""for pioneering contributions to astrophysics in particular for the detection of cosmic neutrinos""",0,98,pioneering contributions astrophysics particular detection cosmic neutrinos
physics,"""for pioneering contributions to astrophysics in particular for the detection of cosmic neutrinos""",0,98,pioneering contributions astrophysics particular detection cosmic neutrinos
medicine,"""for their discoveries concerning genetic regulation of organ development and programmed cell death'""",1,101,discoveries concerning genetic regulation organ development programmed cell death
medicine,"""for their discoveries concerning genetic regulation of organ development and programmed cell death'""",1,101,discoveries concerning genetic regulation organ development programmed cell death
medicine,"""for their discoveries concerning genetic regulation of organ development and programmed cell death'""",1,101,discoveries concerning genetic regulation organ development programmed cell death
physics,"""for pioneering contributions to astrophysics which have led to the discovery of cosmic X-ray sources""",0,102,pioneering contributions astrophysics led discovery cosmic Xray sources
peace,"""for her efforts for democracy and human rights. She has focused especially on the struggle for the rights of women and children""",2,129,efforts democracy human rights focused especially struggle rights women children
economics,"""for methods of analyzing economic time series with common trends (cointegration)""",5,82,methods analyzing economic time series common trends cointegration
economics,"""for methods of analyzing economic time series with time-varying volatility (ARCH)""",5,83,methods analyzing economic time series timevarying volatility ARCH
chemistry,"""for structural and mechanistic studies of ion channels""",4,56,structural mechanistic studies ion channels
chemistry,"""for the discovery of water channels""",4,37,discovery water channels
physics,"""for pioneering contributions to the theory of superconductors and superfluids""",0,79,pioneering contributions theory superconductors superfluids
physics,"""for pioneering contributions to the theory of superconductors and superfluids""",0,79,pioneering contributions theory superconductors superfluids
medicine,"""for their discoveries concerning magnetic resonance imaging""",1,61,discoveries concerning magnetic resonance imaging
medicine,"""for their discoveries concerning magnetic resonance imaging""",1,61,discoveries concerning magnetic resonance imaging
literature,"""who in innumerable guises portrays the surprising involvement of the outsider""",3,79,innumerable guises portrays surprising involvement outsider
physics,"""for pioneering contributions to the theory of superconductors and superfluids""",0,79,pioneering contributions theory superconductors superfluids
economics,"""for their contributions to dynamic macroeconomics: the time consistency of economic policy and the driving forces behind business cycles""",5,138,contributions dynamic macroeconomics time consistency economic policy driving forces behind business cycles
chemistry,"""for the discovery of ubiquitin-mediated protein degradation""",4,61,discovery ubiquitinmediated protein degradation
economics,"""for their contributions to dynamic macroeconomics: the time consistency of economic policy and the driving forces behind business cycles""",5,138,contributions dynamic macroeconomics time consistency economic policy driving forces behind business cycles
peace,"""for her contribution to sustainable development democracy and peace""",2,69,contribution sustainable development democracy peace
literature,"""for her musical flow of voices and counter-voices in novels and plays that with extraordinary linguistic zeal reveal the absurdity of society's clich&eacute;s and their subjugating power""",3,188,musical flow voices countervoices novels plays extraordinary linguistic zeal reveal absurdity societys clicheacutes subjugating power
chemistry,"""for the discovery of ubiquitin-mediated protein degradation""",4,61,discovery ubiquitinmediated protein degradation
physics,"""for the discovery of asymptotic freedom in the theory of the strong interaction""",0,81,discovery asymptotic freedom theory strong interaction
physics,"""for the discovery of asymptotic freedom in the theory of the strong interaction""",0,81,discovery asymptotic freedom theory strong interaction
physics,"""for the discovery of asymptotic freedom in the theory of the strong interaction""",0,81,discovery asymptotic freedom theory strong interaction
medicine,"""for their discoveries of odorant receptors and the organization of the olfactory system""",1,89,discoveries odorant receptors organization olfactory system
medicine,"""for their discoveries of odorant receptors and the organization of the olfactory system""",1,89,discoveries odorant receptors organization olfactory system
chemistry,"""for the discovery of ubiquitin-mediated protein degradation""",4,61,discovery ubiquitinmediated protein degradation
literature,"""who in his plays uncovers the precipice under everyday prattle and forces entry into oppression's closed rooms""",3,112,plays uncovers precipice everyday prattle forces entry oppressions closed rooms
economics,"""for having enhanced our understanding of conflict and cooperation through game-theory analysis""",5,96,enhanced understanding conflict cooperation gametheory analysis
peace,"""for their efforts to prevent nuclear energy from being used for military purposes and to ensure that nuclear energy for peaceful purposes is used in the safest possible way""",2,174,efforts prevent nuclear energy used military purposes ensure nuclear energy peaceful purposes used safest possible way
peace,"""for their efforts to prevent nuclear energy from being used for military purposes and to ensure that nuclear energy for peaceful purposes is used in the safest possible way""",2,174,efforts prevent nuclear energy used military purposes ensure nuclear energy peaceful purposes used safest possible way
chemistry,"""for the development of the metathesis method in organic synthesis""",4,67,development metathesis method organic synthesis
chemistry,"""for the development of the metathesis method in organic synthesis""",4,67,development metathesis method organic synthesis
economics,"""for having enhanced our understanding of conflict and cooperation through game-theory analysis""",5,96,enhanced understanding conflict cooperation gametheory analysis
physics,"""for their contributions to the development of laser-based precision spectroscopy including the optical frequency comb technique""",0,129,contributions development laserbased precision spectroscopy including optical frequency comb technique
physics,"""for their contributions to the development of laser-based precision spectroscopy including the optical frequency comb technique""",0,129,contributions development laserbased precision spectroscopy including optical frequency comb technique
physics,"""for his contribution to the quantum theory of optical coherence""",0,65,contribution quantum theory optical coherence
medicine,"""for their discovery of the bacterium <i>Helicobacter pylori</i> and its role in gastritis and peptic ulcer disease""",1,116,discovery bacterium iHelicobacter pylorii role gastritis peptic ulcer disease
medicine,"""for their discovery of the bacterium <i>Helicobacter pylori</i> and its role in gastritis and peptic ulcer disease""",1,116,discovery bacterium iHelicobacter pylorii role gastritis peptic ulcer disease
chemistry,"""for the development of the metathesis method in organic synthesis""",4,67,development metathesis method organic synthesis
peace,"""for their efforts to create economic and social development from below""",2,72,efforts create economic social development
peace,"""for their efforts to create economic and social development from below""",2,72,efforts create economic social development
literature,"""who in the quest for the melancholic soul of his native city has discovered new symbols for the clash and interlacing of cultures""",3,131,quest melancholic soul native city discovered new symbols clash interlacing cultures
economics,"""for his analysis of intertemporal tradeoffs in macroeconomic policy""",5,69,analysis intertemporal tradeoffs macroeconomic policy
chemistry,"""for his studies of the molecular basis of eukaryotic transcription""",4,68,studies molecular basis eukaryotic transcription
physics,"""for their discovery of the blackbody form and anisotropy of the cosmic microwave background radiation""",0,103,discovery blackbody form anisotropy cosmic microwave background radiation
medicine,"""for their discovery of RNA interference - gene silencing by double-stranded RNA""",1,81,discovery RNA interference gene silencing doublestranded RNA
medicine,"""for their discovery of RNA interference - gene silencing by double-stranded RNA""",1,81,discovery RNA interference gene silencing doublestranded RNA
physics,"""for their discovery of the blackbody form and anisotropy of the cosmic microwave background radiation""",0,103,discovery blackbody form anisotropy cosmic microwave background radiation
economics,"""for having laid the foundations of mechanism design theory""",5,60,laid foundations mechanism design theory
economics,"""for having laid the foundations of mechanism design theory""",5,60,laid foundations mechanism design theory
economics,"""for having laid the foundations of mechanism design theory""",5,60,laid foundations mechanism design theory
peace,"""for their efforts to build up and disseminate greater knowledge about man-made climate change and to lay the foundations for the measures that are needed to counteract such change""",2,181,efforts build disseminate greater knowledge manmade climate change lay foundations measures needed counteract change
peace,"""for their efforts to build up and disseminate greater knowledge about man-made climate change and to lay the foundations for the measures that are needed to counteract such change""",2,181,efforts build disseminate greater knowledge manmade climate change lay foundations measures needed counteract change
chemistry,"""for his studies of chemical processes on solid surfaces""",4,57,studies chemical processes solid surfaces
literature,"""that epicist of the female experience who with scepticism fire and visionary power has subjected a divided civilisation to scrutiny""",3,133,epicist female experience scepticism fire visionary power subjected divided civilisation scrutiny
physics,"""for the discovery of Giant Magnetoresistance""",0,46,discovery Giant Magnetoresistance
medicine,"""for their discoveries of principles for introducing specific gene modifications in mice by the use of embryonic stem cells""",1,124,discoveries principles introducing specific gene modifications mice use embryonic stem cells
medicine,"""for their discoveries of principles for introducing specific gene modifications in mice by the use of embryonic stem cells""",1,124,discoveries principles introducing specific gene modifications mice use embryonic stem cells
medicine,"""for their discoveries of principles for introducing specific gene modifications in mice by the use of embryonic stem cells""",1,124,discoveries principles introducing specific gene modifications mice use embryonic stem cells
physics,"""for the discovery of Giant Magnetoresistance""",0,46,discovery Giant Magnetoresistance
peace,"""for his important efforts on several continents and over more than three decades to resolve international conflicts""",2,117,important efforts several continents three decades resolve international conflicts
literature,"""author of new departures poetic adventure and sensual ecstasy explorer of a humanity beyond and below the reigning civilization""",3,129,author new departures poetic adventure sensual ecstasy explorer humanity beyond reigning civilization
chemistry,"""for the discovery and development of the green fluorescent protein GFP""",4,72,discovery development green fluorescent protein GFP
chemistry,"""for the discovery and development of the green fluorescent protein GFP""",4,72,discovery development green fluorescent protein GFP
chemistry,"""for the discovery and development of the green fluorescent protein GFP""",4,72,discovery development green fluorescent protein GFP
physics,"""for the discovery of the origin of the broken symmetry which predicts the existence of at least three families of quarks in nature""",0,132,discovery origin broken symmetry predicts existence least three families quarks nature
economics,"""for his analysis of trade patterns and location of economic activity""",5,70,analysis trade patterns location economic activity
physics,"""for the discovery of the mechanism of spontaneous broken symmetry in subatomic physics""",0,88,discovery mechanism spontaneous broken symmetry subatomic physics
medicine,"""for their discovery of human immunodeficiency virus""",1,53,discovery human immunodeficiency virus
medicine,"""for their discovery of human immunodeficiency virus""",1,53,discovery human immunodeficiency virus
medicine,"""for his discovery of human papilloma viruses causing cervical cancer""",1,70,discovery human papilloma viruses causing cervical cancer
physics,"""for the discovery of the origin of the broken symmetry which predicts the existence of at least three families of quarks in nature""",0,132,discovery origin broken symmetry predicts existence least three families quarks nature
economics,"""for his analysis of economic governance especially the boundaries of the firm""",5,79,analysis economic governance especially boundaries firm
economics,"""for her analysis of economic governance especially the commons""",5,64,analysis economic governance especially commons
peace,"""for his extraordinary efforts to strengthen international diplomacy and cooperation between peoples""",2,101,extraordinary efforts strengthen international diplomacy cooperation peoples
literature,"""who with the concentration of poetry and the frankness of prose depicts the landscape of the dispossessed""",3,107,concentration poetry frankness prose depicts landscape dispossessed
chemistry,"""for studies of the structure and function of the ribosome""",4,59,studies structure function ribosome
chemistry,"""for studies of the structure and function of the ribosome""",4,59,studies structure function ribosome
chemistry,"""for studies of the structure and function of the ribosome""",4,59,studies structure function ribosome
physics,"""for the invention of an imaging semiconductor circuit - the CCD sensor""",0,72,invention imaging semiconductor circuit CCD sensor
physics,"""for groundbreaking achievements concerning the transmission of light in fibers for optical communication""",0,106,groundbreaking achievements concerning transmission light fibers optical communication
medicine,"""for the discovery of how chromosomes are protected by telomeres and the enzyme telomerase""",1,91,discovery chromosomes protected telomeres enzyme telomerase
medicine,"""for the discovery of how chromosomes are protected by telomeres and the enzyme telomerase""",1,91,discovery chromosomes protected telomeres enzyme telomerase
medicine,"""for the discovery of how chromosomes are protected by telomeres and the enzyme telomerase""",1,91,discovery chromosomes protected telomeres enzyme telomerase
physics,"""for the invention of an imaging semiconductor circuit - the CCD sensor""",0,72,invention imaging semiconductor circuit CCD sensor
economics,"""for their analysis of markets with search frictions""",5,53,analysis markets search frictions
literature,"""for his cartography of structures of power and his trenchant images of the individual's resistance revolt and defeat""",3,118,cartography structures power trenchant images individuals resistance revolt defeat
economics,"""for their analysis of markets with search frictions""",5,53,analysis markets search frictions
peace,"""for his long and non-violent struggle for fundamental human rights in China""",2,77,long nonviolent struggle fundamental human rights China
chemistry,"""for palladium-catalyzed cross couplings in organic synthesis""",4,62,palladiumcatalyzed cross couplings organic synthesis
economics,"""for their analysis of markets with search frictions""",5,53,analysis markets search frictions
chemistry,"""for palladium-catalyzed cross couplings in organic synthesis""",4,62,palladiumcatalyzed cross couplings organic synthesis
physics,"""for groundbreaking experiments regarding the two-dimensional material graphene""",0,80,groundbreaking experiments regarding twodimensional material graphene
physics,"""for groundbreaking experiments regarding the two-dimensional material graphene""",0,80,groundbreaking experiments regarding twodimensional material graphene
medicine,"""for the development of in vitro fertilization""",1,47,development vitro fertilization
chemistry,"""for palladium-catalyzed cross couplings in organic synthesis""",4,62,palladiumcatalyzed cross couplings organic synthesis
economics,"""for their empirical research on cause and effect in the macroeconomy""",5,70,empirical research cause effect macroeconomy
peace,"""for their non-violent struggle for the safety of women and for women's rights to full participation in peace-building work""",2,124,nonviolent struggle safety women womens rights full participation peacebuilding work
peace,"""for their non-violent struggle for the safety of women and for women's rights to full participation in peace-building work""",2,124,nonviolent struggle safety women womens rights full participation peacebuilding work
peace,"""for their non-violent struggle for the safety of women and for women's rights to full participation in peace-building work""",2,124,nonviolent struggle safety women womens rights full participation peacebuilding work
literature,"""because through his condensed translucent images he gives us fresh access to reality""",3,86,condensed translucent images gives us fresh access reality
chemistry,"""for the discovery of quasicrystals""",4,36,discovery quasicrystals
economics,"""for their empirical research on cause and effect in the macroeconomy""",5,70,empirical research cause effect macroeconomy
physics,"""for the discovery of the accelerating expansion of the Universe through observations of distant supernovae""",0,108,discovery accelerating expansion Universe observations distant supernovae
physics,"""for the discovery of the accelerating expansion of the Universe through observations of distant supernovae""",0,108,discovery accelerating expansion Universe observations distant supernovae
medicine,"""for his discovery of the dendritic cell and its role in adaptive immunity""",1,75,discovery dendritic cell role adaptive immunity
medicine,"""for their discoveries concerning the activation of innate immunity""",1,68,discoveries concerning activation innate immunity
medicine,"""for their discoveries concerning the activation of innate immunity""",1,68,discoveries concerning activation innate immunity
physics,"""for the discovery of the accelerating expansion of the Universe through observations of distant supernovae""",0,108,discovery accelerating expansion Universe observations distant supernovae
economics,"""for the theory of stable allocations and the practice of market design""",5,72,theory stable allocations practice market design
economics,"""for the theory of stable allocations and the practice of market design""",5,72,theory stable allocations practice market design
peace,"""for over six decades contributed to the advancement of peace and reconciliation democracy and human rights in Europe""",2,118,six decades contributed advancement peace reconciliation democracy human rights Europe
literature,"""who with hallucinatory realism merges folk tales history and the contemporary""",3,79,hallucinatory realism merges folk tales history contemporary
chemistry,"""for studies of G-protein-coupled receptors""",4,44,studies Gproteincoupled receptors
chemistry,"""for studies of G-protein-coupled receptors""",4,44,studies Gproteincoupled receptors
physics,"""for ground-breaking experimental methods that enable measuring and manipulation of individual quantum systems""",0,111,groundbreaking experimental methods enable measuring manipulation individual quantum systems
medicine,"""for the discovery that mature cells can be reprogrammed to become pluripotent""",1,79,discovery mature cells reprogrammed become pluripotent
medicine,"""for the discovery that mature cells can be reprogrammed to become pluripotent""",1,79,discovery mature cells reprogrammed become pluripotent
physics,"""for ground-breaking experimental methods that enable measuring and manipulation of individual quantum systems""",0,111,groundbreaking experimental methods enable measuring manipulation individual quantum systems
economics,"""for their empirical analysis of asset prices""",5,46,empirical analysis asset prices
chemistry,"""for the development of multiscale models for complex chemical systems""",4,71,development multiscale models complex chemical systems
economics,"""for their empirical analysis of asset prices""",5,46,empirical analysis asset prices
economics,"""for their empirical analysis of asset prices""",5,46,empirical analysis asset prices
peace,"""for its extensive efforts to eliminate chemical weapons""",2,57,extensive efforts eliminate chemical weapons
literature,"""master of the contemporary short story""",3,40,master contemporary short story
chemistry,"""for the development of multiscale models for complex chemical systems""",4,71,development multiscale models complex chemical systems
chemistry,"""for the development of multiscale models for complex chemical systems""",4,71,development multiscale models complex chemical systems
physics,"""for the theoretical discovery of a mechanism that contributes to our understanding of the origin of mass of subatomic particles and which recently was confirmed through the discovery of the predicted fundamental particle by the ATLAS and CMS experiments at CERN's Large Hadron Collider""",0,287,theoretical discovery mechanism contributes understanding origin mass subatomic particles recently confirmed discovery predicted fundamental particle ATLAS CMS experiments CERNs Large Hadron Collider
physics,"""for the theoretical discovery of a mechanism that contributes to our understanding of the origin of mass of subatomic particles and which recently was confirmed through the discovery of the predicted fundamental particle by the ATLAS and CMS experiments at CERN's Large Hadron Collider""",0,287,theoretical discovery mechanism contributes understanding origin mass subatomic particles recently confirmed discovery predicted fundamental particle ATLAS CMS experiments CERNs Large Hadron Collider
medicine,"""for their discoveries of machinery regulating vesicle traffic a major transport system in our cells""",1,101,discoveries machinery regulating vesicle traffic major transport system cells
medicine,"""for their discoveries of machinery regulating vesicle traffic a major transport system in our cells""",1,101,discoveries machinery regulating vesicle traffic major transport system cells
medicine,"""for their discoveries of machinery regulating vesicle traffic a major transport system in our cells""",1,101,discoveries machinery regulating vesicle traffic major transport system cells
economics,"""for his analysis of market power and regulation""",5,49,analysis market power regulation
peace,"""for their struggle against the suppression of children and young people and for the right of all children to education""",2,120,struggle suppression children young people right children education
literature,"""for the art of memory with which he has evoked the most ungraspable human destinies and
uncovered the life-world of the occupation""",3,133,art memory evoked ungraspable human destinies uncovered lifeworld occupation
chemistry,"""for the development of super-resolved fluorescence microscopy""",4,63,development superresolved fluorescence microscopy
chemistry,"""for the development of super-resolved fluorescence microscopy""",4,63,development superresolved fluorescence microscopy
chemistry,"""for the development of super-resolved fluorescence microscopy""",4,63,development superresolved fluorescence microscopy
peace,"""for their struggle against the suppression of children and young people and for the right of all children to education""",2,120,struggle suppression children young people right children education
physics,"""for the invention of efficient blue light-emitting diodes which has enabled bright and energy-saving white light sources""",0,122,invention efficient blue lightemitting diodes enabled bright energysaving white light sources
physics,"""for the invention of efficient blue light-emitting diodes which has enabled bright and energy-saving white light sources""",0,122,invention efficient blue lightemitting diodes enabled bright energysaving white light sources
medicine,"""for their discoveries of cells that constitute a positioning system in the brain""",1,82,discoveries cells constitute positioning system brain
medicine,"""for their discoveries of cells that constitute a positioning system in the brain""",1,82,discoveries cells constitute positioning system brain
medicine,"""for their discoveries of cells that constitute a positioning system in the brain""",1,82,discoveries cells constitute positioning system brain
physics,"""for the invention of efficient blue light-emitting diodes which has enabled bright and energy-saving white light sources""",0,122,invention efficient blue lightemitting diodes enabled bright energysaving white light sources
economics,"""for his analysis of consumption poverty and welfare""",5,53,analysis consumption poverty welfare
peace,"""for its decisive contribution to the building of a pluralistic democracy in Tunisia in the wake of the Jasmine Revolution of 2011""",2,131,decisive contribution building pluralistic democracy Tunisia wake Jasmine Revolution 2011
literature,"""for her polyphonic writings a monument to suffering and courage in our time""",3,77,polyphonic writings monument suffering courage time
chemistry,"""for mechanistic studies of DNA repair""",4,39,mechanistic studies DNA repair
chemistry,"""for mechanistic studies of DNA repair""",4,39,mechanistic studies DNA repair
chemistry,"""for mechanistic studies of DNA repair""",4,39,mechanistic studies DNA repair
physics,"""for the discovery of neutrino oscillations which shows that neutrinos have mass""",0,81,discovery neutrino oscillations shows neutrinos mass
medicine,"""for her discoveries concerning a novel therapy against Malaria""",1,64,discoveries concerning novel therapy Malaria
medicine,"""for their discoveries concerning a novel therapy against infections caused by roundworm parasites""",1,99,discoveries concerning novel therapy infections caused roundworm parasites
medicine,"""for their discoveries concerning a novel therapy against infections caused by roundworm parasites""",1,99,discoveries concerning novel therapy infections caused roundworm parasites
physics,"""for the discovery of neutrino oscillations which shows that neutrinos have mass""",0,81,discovery neutrino oscillations shows neutrinos mass
economics,"""for their contributions to contract theory""",5,44,contributions contract theory
chemistry,"""for the design and synthesis of molecular machines""",4,52,design synthesis molecular machines
economics,"""for their contributions to contract theory""",5,44,contributions contract theory
peace,"""for his resolute efforts to bring the country's more than 50-year-long civil war to an end""",2,92,resolute efforts bring countrys 50yearlong civil war end
chemistry,"""for the design and synthesis of molecular machines""",4,52,design synthesis molecular machines
literature,"""for having created new poetic expressions within the great American song tradition""",3,84,created new poetic expressions within great American song tradition
physics,"""for theoretical discoveries of topological phase transitions and topological phases of matter""",0,95,theoretical discoveries topological phase transitions topological phases matter
physics,"""for theoretical discoveries of topological phase transitions and topological phases of matter""",0,95,theoretical discoveries topological phase transitions topological phases matter
physics,"""for theoretical discoveries of topological phase transitions and topological phases of matter""",0,95,theoretical discoveries topological phase transitions topological phases matter
medicine,"""for his discoveries of mechanisms for autophagy""",1,49,discoveries mechanisms autophagy
chemistry,"""for the design and synthesis of molecular machines""",4,52,design synthesis molecular machines
peace,"""for its work to draw attention to the catastrophic humanitarian consequences of any use of nuclear weapons and for its ground-breaking efforts to achieve a treaty-based prohibition of such weapons""",2,198,work draw attention catastrophic humanitarian consequences use nuclear weapons groundbreaking efforts achieve treatybased prohibition weapons
literature,"""who in novels of great emotional force has uncovered the abyss beneath our illusory sense of connection with the world""",3,120,novels great emotional force uncovered abyss beneath illusory sense connection world
chemistry,"""for developing cryo-electron microscopy for the high-resolution structure determination of biomolecules in solution""",4,117,developing cryoelectron microscopy highresolution structure determination biomolecules solution
chemistry,"""for developing cryo-electron microscopy for the high-resolution structure determination of biomolecules in solution""",4,117,developing cryoelectron microscopy highresolution structure determination biomolecules solution
chemistry,"""for developing cryo-electron microscopy for the high-resolution structure determination of biomolecules in solution""",4,117,developing cryoelectron microscopy highresolution structure determination biomolecules solution
physics,"""for decisive contributions to the LIGO detector and the observation of gravitational waves""",0,92,decisive contributions LIGO detector observation gravitational waves
economics,"""for his contributions to behavioural economics""",5,48,contributions behavioural economics
physics,"""for decisive contributions to the LIGO detector and the observation of gravitational waves""",0,92,decisive contributions LIGO detector observation gravitational waves
medicine,"""for their discoveries of molecular mechanisms controlling the circadian rhythm""",1,80,discoveries molecular mechanisms controlling circadian rhythm
medicine,"""for their discoveries of molecular mechanisms controlling the circadian rhythm""",1,80,discoveries molecular mechanisms controlling circadian rhythm
medicine,"""for their discoveries of molecular mechanisms controlling the circadian rhythm""",1,80,discoveries molecular mechanisms controlling circadian rhythm
physics,"""for decisive contributions to the LIGO detector and the observation of gravitational waves""",0,92,decisive contributions LIGO detector observation gravitational waves
literature,"""for a narrative imagination that with encyclopedic passion represents the crossing of boundaries as a form of life""",3,116,narrative imagination encyclopedic passion represents crossing boundaries form life
economics,"""for integrating technological innovations into long-run macroeconomic analysis""",5,80,integrating technological innovations longrun macroeconomic analysis
economics,"""for integrating climate change into long-run macroeconomic analysis""",5,69,integrating climate change longrun macroeconomic analysis
peace,"""for their efforts to end the use of sexual violence as a weapon of war and armed conflict""",2,91,efforts end use sexual violence weapon war armed conflict
peace,"""for their efforts to end the use of sexual violence as a weapon of war and armed conflict""",2,91,efforts end use sexual violence weapon war armed conflict
chemistry,"""for the phage display of peptides and antibodies""",4,50,phage display peptides antibodies
chemistry,"""for the phage display of peptides and antibodies""",4,50,phage display peptides antibodies
chemistry,"""for the directed evolution of enzymes""",4,39,directed evolution enzymes
physics,"""for their method of generating high-intensity ultra-short optical pulses""",0,74,method generating highintensity ultrashort optical pulses
physics,"""for the optical tweezers and their application to biological systems""",0,70,optical tweezers application biological systems
medicine,"""for their discovery of cancer therapy by inhibition of negative immune regulation""",1,83,discovery cancer therapy inhibition negative immune regulation
medicine,"""for their discovery of cancer therapy by inhibition of negative immune regulation""",1,83,discovery cancer therapy inhibition negative immune regulation
physics,"""for their method of generating high-intensity ultra-short optical pulses""",0,74,method generating highintensity ultrashort optical pulses
chemistry,"""for the development of lithium-ion batteries""",4,46,development lithiumion batteries
economics,"""for their experimental approach to alleviating global poverty""",5,63,experimental approach alleviating global poverty
economics,"""for their experimental approach to alleviating global poverty""",5,63,experimental approach alleviating global poverty
literature,"""for an influential work that with linguistic ingenuity has explored the periphery and the specificity of human experience""",3,123,influential work linguistic ingenuity explored periphery specificity human experience
economics,"""for their experimental approach to alleviating global poverty""",5,63,experimental approach alleviating global poverty
chemistry,"""for the development of lithium-ion batteries""",4,46,development lithiumion batteries
peace,"""for his efforts to achieve peace and international cooperation and in particular for his decisive initiative to resolve the border conflict with neighbouring Eritrea""",2,167,efforts achieve peace international cooperation particular decisive initiative resolve border conflict neighbouring Eritrea
physics,"""for the discovery of an exoplanet orbiting a solar-type star""",0,62,discovery exoplanet orbiting solartype star
physics,"""for the discovery of an exoplanet orbiting a solar-type star""",0,62,discovery exoplanet orbiting solartype star
physics,"""for theoretical discoveries in physical cosmology""",0,51,theoretical discoveries physical cosmology
medicine,"""for their discoveries of how cells sense and adapt to oxygen availability""",1,75,discoveries cells sense adapt oxygen availability
medicine,"""for their discoveries of how cells sense and adapt to oxygen availability""",1,75,discoveries cells sense adapt oxygen availability
medicine,"""for their discoveries of how cells sense and adapt to oxygen availability""",1,75,discoveries cells sense adapt oxygen availability
chemistry,"""for the development of lithium-ion batteries""",4,46,development lithiumion batteries
economics,"""for improvements to auction theory and inventions of new auction formats""",5,74,improvements auction theory inventions new auction formats
economics,"""for improvements to auction theory and inventions of new auction formats""",5,74,improvements auction theory inventions new auction formats
peace,"""for its efforts to combat hunger for its contribution to bettering conditions for peace in conflict-affected areas and for acting as a driving force in efforts to prevent the use of hunger as a weapon of war and conflict""",2,222,efforts combat hunger contribution bettering conditions peace conflictaffected areas acting driving force efforts prevent use hunger weapon war conflict
literature,"""for her unmistakable poetic voice that with austere beauty makes individual existence universal""",3,97,unmistakable poetic voice austere beauty makes individual existence universal
chemistry,"""for the development of a method for genome editing""",4,52,development method genome editing
chemistry,"""for the development of a method for genome editing""",4,52,development method genome editing
physics,"""for the discovery of a supermassive compact object at the centre of our galaxy""",0,80,discovery supermassive compact object centre galaxy
physics,"""for the discovery that black hole formation is a robust prediction of the general theory of relativity""",0,104,discovery black hole formation robust prediction general theory relativity
medicine,"""for the discovery of Hepatitis C virus""",1,40,discovery Hepatitis C virus
medicine,"""for the discovery of Hepatitis C virus""",1,40,discovery Hepatitis C virus
medicine,"""for the discovery of Hepatitis C virus""",1,40,discovery Hepatitis C virus
physics,"""for the discovery of a supermassive compact object at the centre of our galaxy""",0,80,discovery supermassive compact object centre galaxy
literature,"""for his uncompromising and compassionate penetration of the effects of colonialism and the fate of the refugee in the gulf between cultures and continents""",3,156,uncompromising compassionate penetration effects colonialism fate refugee gulf cultures continents
economics,"""for their methodological contributions to the analysis of causal relationships""",5,80,methodological contributions analysis causal relationships
economics,"""for his empirical contributions to labour economics""",5,53,empirical contributions labour economics
peace,"""for their efforts to safeguard freedom of expression which is a precondition for democracy and lasting peace""",2,110,efforts safeguard freedom expression precondition democracy lasting peace
economics,"""for their methodological contributions to the analysis of causal relationships""",5,80,methodological contributions analysis causal relationships
peace,"""for their efforts to safeguard freedom of expression which is a precondition for democracy and lasting peace""",2,110,efforts safeguard freedom expression precondition democracy lasting peace
chemistry,"""for the development of asymmetric organocatalysis""",4,51,development asymmetric organocatalysis
physics,"""for the physical modelling of Earth’s climate quantifying variability and reliably predicting global warming""",0,110,physical modelling Earth’s climate quantifying variability reliably predicting global warming
physics,"""for the discovery of the interplay of disorder and fluctuations in physical systems from atomic to planetary scales""",0,117,discovery interplay disorder fluctuations physical systems atomic planetary scales
physics,"""for the physical modelling of Earth’s climate quantifying variability and reliably predicting global warming""",0,110,physical modelling Earth’s climate quantifying variability reliably predicting global warming
medicine,"""for their discoveries of receptors for temperature and touch""",1,62,discoveries receptors temperature touch
medicine,"""for their discoveries of receptors for temperature and touch""",1,62,discoveries receptors temperature touch
chemistry,"""for the development of asymmetric organocatalysis""",4,51,development asymmetric organocatalysis
economics,"""for research on banks and financial crises""",5,44,research banks financial crises
peace,"""The Peace Prize laureates represent civil society in their home countries. They have for many years promoted the right to criticise power and protect the fundamental rights of citizens. They have made an outstanding effort to document war crimes human right abuses and the abuse of power. Together they demonstrate the significance of civil society for peace and democracy.""",2,375,Peace Prize laureates represent civil society home countries many years promoted right criticise power protect fundamental rights citizens made outstanding effort document war crimes human right abuses abuse power Together demonstrate significance civil society peace democracy
peace,"""The Peace Prize laureates represent civil society in their home countries. They have for many years promoted the right to criticise power and protect the fundamental rights of citizens. They have made an outstanding effort to document war crimes human right abuses and the abuse of power. Together they demonstrate the significance of civil society for peace and democracy.""",2,375,Peace Prize laureates represent civil society home countries many years promoted right criticise power protect fundamental rights citizens made outstanding effort document war crimes human right abuses abuse power Together demonstrate significance civil society peace democracy
peace,"""The Peace Prize laureates represent civil society in their home countries. They have for many years promoted the right to criticise power and protect the fundamental rights of citizens. They have made an outstanding effort to document war crimes human right abuses and the abuse of power. Together they demonstrate the significance of civil society for peace and democracy.""",2,375,Peace Prize laureates represent civil society home countries many years promoted right criticise power protect fundamental rights citizens made outstanding effort document war crimes human right abuses abuse power Together demonstrate significance civil society peace democracy
literature,"""for the courage and clinical acuity with which she uncovers the roots estrangements and  collective restraints of personal memory""",3,131,courage clinical acuity uncovers roots estrangements collective restraints personal memory
chemistry,"""for the development of click chemistry and bioorthogonal chemistry""",4,68,development click chemistry bioorthogonal chemistry
physics,"""for experiments with entangled photons establishing the violation of Bell inequalities and  pioneering quantum information science""",0,132,experiments entangled photons establishing violation Bell inequalities pioneering quantum information science
physics,"""for experiments with entangled photons establishing the violation of Bell inequalities and  pioneering quantum information science""",0,132,experiments entangled photons establishing violation Bell inequalities pioneering quantum information science
physics,"""for experiments with entangled photons establishing the violation of Bell inequalities and  pioneering quantum information science""",0,132,experiments entangled photons establishing violation Bell inequalities pioneering quantum information science
medicine,"""for his discoveries concerning the genomes of extinct hominins and human evolution""",1,84,discoveries concerning genomes extinct hominins human evolution
chemistry,"""for his work on chirally catalysed oxidation reactions""",4,56,work chirally catalysed oxidation reactions
chemistry,"""for the development of click chemistry and bioorthogonal chemistry""",4,68,development click chemistry bioorthogonal chemistry
economics,"""for research on banks and financial crises""",5,44,research banks financial crises
chemistry,"""for the development of click chemistry and bioorthogonal chemistry""",4,68,development click chemistry bioorthogonal chemistry
economics,"""for research on banks and financial crises""",5,44,research banks financial crises
